comment_id,video_id,author_name,comment_text,language,sentiment_label,sentiment_score,like_count
Ugx5bIzPv2Zm3vZuAt94AaABAg,Sa4off4_dys,@balakrishnaghanta6532,24:23  వాడు ఎవడో సముద్రం నుంచి నీళ్లు తీసుకుని పడవ లోకి నీళ్లు పోస్తున్నాడు 😂😂😂😂😂😂 AI gadu mistake idhi 😂😂😅😅😅😅😅 24:23,Telugu,Neutral,0.7507,0
UgyOAov3B2Rsy6TMgMl4AaABAg,Sa4off4_dys,@sanjaysahu7828,Bathuku mida asha just let them survive for the life🔥🔥🔥,English + Telugu,Positive,0.7318,0
Ugz4e9vV6HMlpnpd3S54AaABAg,Sa4off4_dys,@pavantelugulogs9951,❤❤ will power and courage  is the moral,English,Positive,0.9278,0
UgznUYmrJwKIh_eb9OB4AaABAg,Sa4off4_dys,@jhmlpa9462,Thrill... Courage.. Adventure,English,Neutral,0.5289,0
UgyP8TJ_uZHLLCI39s14AaABAg,Sa4off4_dys,@ambicaiswarya553,Chala baguntundhi bro e sahasa yatra elati videos cheyandi,English + Telugu,Neutral,0.8332,0
UgzwH4WgUoTCaopmmaZ4AaABAg,Sa4off4_dys,@Nagaraju-zc2nl,అన్న మీ వీడియోస్ చాలా చాలా బాగుంటాయి 👌👌,Telugu,Neutral,0.7537,2
UgxxcVnYqL2x7ivKarB4AaABAg,Sa4off4_dys,@erraanil123,Manipur gurichi video chei bro,English + Telugu,Neutral,0.8481,0
UgyCFOIS4_gEdQCAwwh4AaABAg,Sa4off4_dys,@viswasaraivijayakumari,"28 మంది వచ్చారు, కానీ వారితో పాటు మిగతా జీవులు ఎన్ని వచ్చాయి చెప్పలేదు. అదే కొద్దిగా బాధ అనిపించింది",Telugu,Neutral,0.7673,0
UgwgISPSey5Dc4WnMVN4AaABAg,Sa4off4_dys,@nithingandi1326,"Bro.....@ 8:46 you said November in Antarctica is winter...🤷
Correct ye na??
Just asking??",English,Neutral,0.7961,0
UgxyIfbaXJF85zJ2bGp4AaABAg,Sa4off4_dys,@sateeshsuravajjala6902,చాలా బాగా ఎక్సప్లనేషన్ ఇచ్చావ్ 🥰🥰🙏,Telugu,Neutral,0.7007,0
UgzLB7RFZAZIH85w_Vh4AaABAg,Sa4off4_dys,@stoneroof4646,ai videos :),English,Positive,0.8021,0
UgzB-hQyhObKae89F3t4AaABAg,Sa4off4_dys,@suri_chiyan,"Antha Lyaag anduku ra 15 mins story ni 30mins chesavv, chudaleka aapesaa😂",English + Telugu,Neutral,0.8541,0
UgzEV_IWpwVddlfCNql4AaABAg,Sa4off4_dys,@nareshjyeshtam3830,"అప్పట్లో టెక్నాలజీ లేకపోయినా మనిషి మీద నమ్మకం ఉండేది కారణం చెప్పిన మాట మీద మనిషి నిలబడటం,ఎలిఫెంట్ ఐలాండ్లో మూడో లైపోర్టు ఉన్నప్పుడు ఒక బోట్ లో పోయిన తర్వాత ఇంత టైం వరకు రాకపోతే మీరు మిగతా వాళ్ళు ఇంకా ఐదు ఇంకోసారి ఐదు మంది వచ్చి ట్రై చేయండి మీ చనిపోతే బాగుండు.",Telugu,Neutral,0.7612,0
UgzYvmhGIvAsqltHJkF4AaABAg,Sa4off4_dys,@satyareddyl5733,మరి కుక్కలని కాపాడలేదా,Telugu,Neutral,0.7026,0
UgzcQsvpvUiFsCtnfrx4AaABAg,Sa4off4_dys,@pradeep9951,Brooooo You deserve More Growth & Reach 💥💥🔥🔥 We are Expecting More like this Kind of Staff 💯💯🤙🤙,English,Positive,0.9771,1
UgwcMCOlJQiEYDNPAip4AaABAg,Sa4off4_dys,@suryapogudaniel4674,Great adventure,English,Positive,0.9559,1
UgwdZwDifLCzVxJLTi14AaABAg,Sa4off4_dys,@bhargavnagaraju,Nice video brother great spirit and courage and the most important thing leadership with belif on each other crew.,English,Positive,0.9714,0
UgwBKBLzHPFZndyFX4R4AaABAg,Sa4off4_dys,@telugubeautifulchannel,Bro voice super Kadapa telling,English,Neutral,0.6088,1
Ugxumtu7f-r0NLIIqN94AaABAg,Sa4off4_dys,@KenguvaSomeshwarrao,Em explanation ra ayya🔥🔥,English + Telugu,Positive,0.7051,2
UgzDom3-BgF2uLGPUAd4AaABAg,Sa4off4_dys,@dharmasaitalluri8234,Good survival story,English,Positive,0.8447,2
Ugz6rmrdwMUE1g8os2N4AaABAg,Sa4off4_dys,@saikrishna7200,Vaalla saahasam nijamga prasamsaneeyam,English + Telugu,Neutral,0.7644,0
UgzbyXHwVItXmlvpRXB4AaABAg,Sa4off4_dys,@rkrebal575,pilli emai untadi,English + Telugu,Neutral,0.7873,2
Ugx3bH68JxwlaD5ymAZ4AaABAg,Sa4off4_dys,@gugulothnareshhsd,దేవుడ.....😮😮😮😮😮,Telugu,Neutral,0.511,0
UgxmJGOGtHNlzt0Yulp4AaABAg,Sa4off4_dys,@gugulothnareshhsd,😮😮😮😮😮,Emojis / Symbols,Neutral,0.5803,0
Ugyqrkx3jRwL-PpAhdl4AaABAg,Sa4off4_dys,@EswaraEswara-b5t,Dogs ni tinatam yentra babu😢 😢,English + Telugu,Negative,0.6909,7
Ugwma5BnTvsq9MOMaeF4AaABAg,Sa4off4_dys,@regisgaming7050,Transformers movie lo untadhi bro same story,English,Neutral,0.8285,0
Ugy0NstrQzlkav_M01l4AaABAg,Sa4off4_dys,@JayasankarBejjipurapu,❤❤❤,Emojis / Symbols,Positive,0.9414,0
UgyKc23JSheyYsVp9qN4AaABAg,Sa4off4_dys,@kethavathanil8595,Elanti videos weekly one Pettu anna,English + Telugu,Neutral,0.8532,2
UgzCMPg8pvynN5nXAvd4AaABAg,Sa4off4_dys,@jhansilakshmibhai7783,Ippati pillalaku teliyali,English + Telugu,Neutral,0.794,0
Ugwbdhcb46dsW5bFHHt4AaABAg,Sa4off4_dys,@jhansilakshmibhai7783,Sahasam yenta goppa vishayam,English + Telugu,Neutral,0.8074,0
UgxiSRC2J1WP7zvGrF54AaABAg,Sa4off4_dys,@jhansilakshmibhai7783,Super,English,Positive,0.6605,0
UgzIzYc2V0TIQQmaofl4AaABAg,Sa4off4_dys,@chandudted8292,Exallent explanation bro.........,English + Telugu,Neutral,0.6776,0
Ugy52_EcJsLRpu7SEmJ4AaABAg,Sa4off4_dys,@AllSoundHappiness,Documentary Film: The Endurance: Shackleton's Legendary Antarctic Expedition,English,Neutral,0.8154,1
Ugy2JbLFCKfwN8toA-l4AaABAg,Sa4off4_dys,@AA-ANATOLYUNIQUE,BROO ANTHA OKAY KANI...ASALU AH PILLINI ENDUKU TESKELYATU VALLU😏😏😏,English + Telugu,Neutral,0.5703,0
UgwTyikgF-gliPw-IXd4AaABAg,Sa4off4_dys,@madhubabu833,Super super super super super super super super super super super super super super super super super super super super Exlent story ana❤❤❤❤❤❤❤❤❤❤❤❤❤❤❤,English,Positive,0.9309,3
Ugy0fhgcqOL-2a53AQt4AaABAg,Sa4off4_dys,@Vikki123vikram,Dhini midha movie ledha,English + Telugu,Neutral,0.8454,0
Ugy4I0qiWh1VQqzegNd4AaABAg,Sa4off4_dys,@sujatha6808,Movie vallaki e story dorikite manchi movie teyyochu,English + Telugu,Neutral,0.872,5
Ugy903zWrS1pDInG8C94AaABAg,Sa4off4_dys,@ndurgarao2502,ప్రతి సీన్ ఒక క్లైమాక్స్ ల ఉంది,Telugu,Neutral,0.7471,2
UgwE3qwWzZZ6ON844n14AaABAg,Sa4off4_dys,@ndurgarao2502,Annaya sp balu gari gurinchi cheppu annaya,English + Telugu,Neutral,0.7426,0
UgxGS3FNcTpkVwEVAEN4AaABAg,Sa4off4_dys,@Josephswaroop333,నమ్మకం ఆత్మవిశ్వాసం గురి ఈ మూడు మానవుడు ఎలా అయినా జీవనం సాగించాలని నిరూపిస్తుంది.,Telugu,Neutral,0.7217,0
Ugx2CkDqo2NvV9QgB4J4AaABAg,Sa4off4_dys,@hemanthkumar7707,Em story boss,English,Neutral,0.6281,0
UgwBpD6O9fgDHJ-GZrx4AaABAg,Sa4off4_dys,@shanutarak,Omg wat a survival story 🙏🙏🙏🙌 self belief at it peaks.. your narrative shows close to reality to our eyes great bro .  Keep going ❤,English,Positive,0.965,0
UgxCh3nXQSFfbkJgxDJ4AaABAg,Sa4off4_dys,@Prabudas3,తెగించి వెళ్ళడమే,Telugu,Neutral,0.7227,1
UgxeOKfy9Th0jGMLTfd4AaABAg,Sa4off4_dys,@KrishnaDasari-c1e,Ee story ni cinima release chesthe nuvve bro hero,English + Telugu,Neutral,0.7987,13
Ugzk5vJesL1X_0M63Y54AaABAg,Sa4off4_dys,@sadimelaprahllad,I sawed this total video Whats  a Video Mi 30+ Minutes Agakunda Cheppav Anna Great ❤ nv,English,Positive,0.9137,1
UgxVoBI21-qeiRQIX_14AaABAg,Sa4off4_dys,@sathishdhulam96,I LOVE TELUGU KNOWLEDGE FOREVER BRO ❤️,English,Positive,0.9762,3
Ugyo_w5DDL8c7p_qajZ4AaABAg,Sa4off4_dys,@sulochana2616,Hii❤❤,English + Telugu,Positive,0.9663,0
UgxiBMq39dTaNFK0emh4AaABAg,Sa4off4_dys,@madinibhargava7362,Hi,English,Neutral,0.4641,1
UgyZpFwmjs_89gqtXht4AaABAg,Sa4off4_dys,@pradyumnaapuru4350,Please get a video about 2002 Gujrat train issue  please  anna  i am requesting you from last 5 months onwards consider my comment,English,Neutral,0.6894,1
UgzVi18LZ4egAe9lGnN4AaABAg,Sa4off4_dys,@chidellameghashyamchidella7798,1st comment,English,Neutral,0.7877,0
UgzjjEo83YumBfwPoMB4AaABAg,l81k2mGxDBQ,@modall784,1980s USSR,English,Neutral,0.8208,0
UgzaIZL_YMW1jv-a6Od4AaABAg,l81k2mGxDBQ,@pradeep9951,Super Hit 🔥🔥💥💥💯💯 Bommaaa  🤙🤙🤙🤙🤙🤙🤙🤙 EEeewwwwww,English + Telugu,Positive,0.9702,1
UgyNXcZcftU6m4a9nIV4AaABAg,l81k2mGxDBQ,@gugulothnareshhsd,చరిత్ర చాలా భయంకరంగా ఉంది కదా అన్న......😮😮😮😮😢😢😢😢😢,Telugu,Neutral,0.7007,2
Ugw4hyCRMnO6OZ-WO9p4AaABAg,l81k2mGxDBQ,@dharmasaitalluri8234,Dangerous thief,English,Negative,0.8615,0
Ugw9Xh5pxnYIPP6beE14AaABAg,l81k2mGxDBQ,@beastbadrinath9,1980 ahh,English,Neutral,0.6386,0
UgwP0xpSnT-jfhug64h4AaABAg,l81k2mGxDBQ,@thulasiram36,బాల్ థాకరే బయోగ్రఫీ చేయమని ఎన్నిసార్లు అడగాలి,Telugu,Neutral,0.72,0
UgzfAKo5BEi14gQMscN4AaABAg,l81k2mGxDBQ,@ndurgarao2502,నేను నీ వీడియోలు చూడటం మొదలుపెట్టిన నుంచి చాలా మంచి విషయాలు నేర్చుకుంటున్నాను ఈ లవ్ తెలుగు నాలెడ్జ్ ఫారెవర్ బ్రో❤❤❤,Telugu,Neutral,0.7501,0
UgyfcGXAkAjYakG5pqR4AaABAg,l81k2mGxDBQ,@kancharapuramesh1176,Jai subash Chandra Bose Jai jai subash Chandra Bose,English + Telugu,Neutral,0.6683,0
Ugx5iWiHzKLjoYYKzdN4AaABAg,l81k2mGxDBQ,@madinibhargava7362,Hi❤,English,Positive,0.9439,0
UgyM4aCHR7ndaZaLJ0B4AaABAg,l81k2mGxDBQ,@sathishdhulam96,I LOVE TELUGU KNOWLEDGE FOREVER BRO ❤️,English,Positive,0.9762,0
UgxR2sBcV4lC5RuMkiR4AaABAg,l81k2mGxDBQ,@harikrishna_125,Videos cheyadom appuku anna ni videos chusa chala informative videos and storytelling nerchukunna... We always love you❤❤,English + Telugu,Positive,0.971,0
UgzBJcJ3zyZMvt1AH_94AaABAg,l81k2mGxDBQ,@AravindSanne,Bro this way upload  best videos love❤ from Telangana😊,English,Positive,0.9799,2
Ugy14O83LX8unWDBy414AaABAg,l81k2mGxDBQ,@AravindSanne,Just video post 30 seconds only❤,English,Positive,0.6425,1
UgyjA5TA_WyCigE_DoF4AaABAg,l81k2mGxDBQ,@AravindSanne,First like❤ first comment😊,English,Positive,0.7782,1
UgwHPhdbQcOyRICStOh4AaABAg,v25zEFUprVY,@teluguknowledge42,"ఒకప్పుడు BJPని ప్రశ్నించిన రాఘవ్ చద్దా, 
ఇప్పుడు అదే పార్టీలో చేరడం Correct అని మీరు భావిస్తున్నారా? మీ అభిప్రాయం ?",Telugu,Neutral,0.7435,36
UgxG12c_JYKSvp1mXs94AaABAg,v25zEFUprVY,@PrasadKothamusicchanel,Recharge gattiga chesi vuntaaru,English + Telugu,Neutral,0.8169,0
UgzbUAQD3ldz6F5-vJZ4AaABAg,v25zEFUprVY,@Futurefilmmakersindia,Oka Pawan Kalyan... Oka Raghav chadaa... Antha.... Washing machine Mahima,English + Telugu,Neutral,0.8555,0
Ugx4X2NJYwZCcNLU1PN4AaABAg,v25zEFUprVY,@undibalaram,Jai ho bjp ❤,English,Positive,0.9196,0
Ugw7ohcTwupI5kVip-d4AaABAg,v25zEFUprVY,@P.V.Bhasckar,BJP అనుకూలంగా లేకపోతే ED దాడులు అనివార్యం.,Telugu,Neutral,0.7549,1
UgwSXuO8ipKBCwYnr8N4AaABAg,v25zEFUprVY,@kvinod869,Bjp vashing powadar nirma,English + Telugu,Neutral,0.7763,1
UgymNlNcbjo3lun3s7R4AaABAg,v25zEFUprVY,@MichaelMichael-qy8cz,Choor sala,English + Telugu,Neutral,0.7067,0
UgyXrcnBV4TxdmfnHb14AaABAg,v25zEFUprVY,@solomonvemulapalli1814,"ధనవంతులు ఎప్పుడూ డబ్బు కోసమే ,డబ్బు తో రాజకీయం చేస్తారు",Telugu,Neutral,0.7339,0
UgzPGMm9SVtoJ2wsUsJ4AaABAg,v25zEFUprVY,@kishorethimmapuram6392,ఈ రాఘవ చెడ్డ ఇండియా లో జరిగే ఏ ఎలక్షన్స్ లో  ECI అన్యాయలు అక్రమాలు క్వశ్చన్ చేయలేదు?? అప్పడే వీడు బీజేపీ కోవర్ట్ అనిపించింది?? ¿?,Telugu,Neutral,0.7782,0
Ugz7-64XPy9IuqmsLRJ4AaABAg,v25zEFUprVY,@dnrviewpointtelugu7241,"వాడు రాఘవ చెద్దా కాదు రాఘవ 'చెడ్డా' వాడు మోసం చేసింది.. ఆప్ ను కాదు.. వాన్ని నమ్మి, అభిమానం పెంచుకొన్న ప్రజలను.. 😡😡",Telugu,Neutral,0.7054,1
UgxIg63c-52nY89IpR94AaABAg,v25zEFUprVY,@masterraju_Talks_2.0,Raghav chedda is also BJP .,English + Telugu,Neutral,0.8637,1
UgxBYy8QpHnw5ED1oAd4AaABAg,v25zEFUprVY,@bpradeep4841,"బిజెపి బెదిరిస్తుంది ❤❤👍👍👍👍😎😎

Kజ్రైవల్ ను బెదిరించి Raghav చద్ద  కు వచ్చే పేరు వల్ల   బిజెపికి గండి పడుతుందని దానివల్ల బిజెపి పూర్తిగా గ్రాఫ్ పడిపోతుందని రాఘవ చేద్దామని బెదిరించి తన పార్టీలో చేరు చేర్చుకున్నారు బెదిరించి రాఘవ చేద్దాక వ్యతిరేకంగా మాట్లాడమని చెప్పారు ఇది సింపుల్ లాజిక్ మనం అర్థం చేసుకోవాల్సింది ప్రజలంతా అర్థం చేసుకోవచ్చు ఎందుకంటే ఆల్రెడీ కేంద్రీవాల్ జైల్లో వేశారు ఈ విధంగా బెదిరించడం బిజెపికి మామూలే అని నా సిక్స్త్ సెన్స్ చెప్తుంది ..... కాంగ్రెస్",Telugu,Positive,0.5075,2
Ugz-jLhQqmjnUpb2CUZ4AaABAg,v25zEFUprVY,@PR_213,I think alone aap can come back,English,Neutral,0.5648,0
Ugxl_YgGhIHFWEogX9p4AaABAg,v25zEFUprVY,@abdulsattar-ln5br,రాఘవ చెడ్డ పెద్ద దొంగవదవ,Telugu,Neutral,0.7309,0
Ugybsxb1iSo5Bb4jPsV4AaABAg,v25zEFUprVY,@Prakash_ప్రకాష్,"Make an audio on ""naxalism""",English,Negative,0.497,0
UgxLJHkKjSkbLB0sQxt4AaABAg,v25zEFUprVY,@rkbot.3688,Same R S ప్రవీణ్ చేసినట్టే చేసిండు,Telugu,Neutral,0.6667,1
UgzKl5o7Yr7o-_bSXLF4AaABAg,v25zEFUprVY,@bojjaramamurthy5260,India lo eppudu elanti nayakule vunnaru,English + Telugu,Neutral,0.7559,1
UgwV7HOsJIbtcK7ViT94AaABAg,v25zEFUprVY,@Yasasviii,Hmm...finally he also normal politician...how he fool people with his social media attention,English,Neutral,0.6648,1
Ugy13-bSBaSjmPpe3Px4AaABAg,v25zEFUprVY,@bommojusrikanth,Raghava chadda cheater,English + Telugu,Negative,0.7185,0
Ugxy7kCw3yaP4tbmPDd4AaABAg,v25zEFUprVY,@jayaprakash88-x9n,నువ్వు చేద్దాం అనే వ్యక్తి తన క్రిమినల్ వీడు బీజేపీతో కుమ్మక్కై మోసం చేశాడు ఇలాంటి నాయకుడు దరిద్రుడు వేస్ట్ గాడు ఉన్నా ఒకటే లేకున్నా ఒకటే రామోజీ పార్టీకి ఇలాంటి మూర్ఖుడు వెళ్లి పోవడం చాలా మంచిది కామన్ మీ పార్టీ నాయకుడు గొప్ప నాయకుడు రాఘవ చెడ్డ కాదు మీరు రాఘవ చెడ్డ విడిపోయిన మళ్లీ మంచి నాయకున్ని తప్పనిసరి వస్తారు దేశద్రోహులు జై భీమ్ జై కేజ్రీవాల్,Telugu,Neutral,0.7437,0
UgyiBqTl1rVDj5l1f9B4AaABAg,v25zEFUprVY,@PikkiTataji-vj9xy,రాఘవ చెడ్డ చేసినది కూడా ఒక వైపు నుంచి ఆలోచిస్తే మంచిదే కానీ అతన్ని దూరం చేసుకునేలా చేసుకోవడం అప్ చేసిన అతి పెద్ద తప్పు ఎవరు అయినా ప్రజా పక్షాన మాట్లాడితే వారిని కాంగ్రెస్ దాని మిత్ర పక్షం గొంతు నొక్కేస్తారు అందుకే ఆ పార్టీ లు అలా ఏడుస్తున్నాయి. మనం బిజెపి నీ విమర్శించడం కూడా కరెక్ట్ కాదు ఎందుకంటే వాళ్ళు పవర్ తో పాటు పొలిటికల్ మైండ్ బాగా తెలుసు అందుకే వాళ్ళ చాణక్య నీతిని అమలు పరిచారు జై హింద్...,Telugu,Neutral,0.7221,1
UgwEYdJAeHrLqQ64Mt14AaABAg,v25zEFUprVY,@rambabukodali4327,"తల్లి పాలు తాగి ఆ రొమ్మునే గుద్దే దుర్మార్గుడు వీడు...,",Telugu,Neutral,0.7433,0
UgyrhMYPAauvkF5fLpZ4AaABAg,v25zEFUprVY,@localguru7987,అన్న ఈ మధ్య మీ వీడియోలలో డెప్త్ ఉండట్లేదు మీరు చెప్పే ఇన్ఫర్మేషన్ మామూలుగా రీల్స్ లోనే వస్తుంది ఏదో చెప్పలని చెబుతున్నారు కొంచెం డీప్ ఇన్ఫర్మేషన్ గ్యాదర్ చేయండి అన్నా,Telugu,Neutral,0.7505,1
UgyBbYv_lKud_Z9ndPx4AaABAg,v25zEFUprVY,@Krajashekargoudk.r.sgoudKrajas,అందరు లీడర్స్ ఒకటే పెద్ద స్పెషల్ ఏమి కాదు 😢,Telugu,Neutral,0.747,0
UgzOazZJxq6IqmafAZ94AaABAg,v25zEFUprVY,@asrinu1956,Chadda kadhu chaddodu,English + Telugu,Neutral,0.7509,1
UgyPbN56BoTKTPCX9mN4AaABAg,v25zEFUprVY,@pulivijayalakshmi4606,Vaadu oka bali pasuvu oka pechhi bakara gaadu😂😂,English + Telugu,Neutral,0.6768,0
UgybP0i9sRJEfhClMHl4AaABAg,v25zEFUprVY,@vissamsettyvenkatesh5303,Bjp mundu tana manifesto clear cheyali,English + Telugu,Neutral,0.8112,1
UgyvQIhY274aze81lhV4AaABAg,v25zEFUprVY,@vissamsettyvenkatesh5303,Bjp desaniki pattina daridram,English + Telugu,Neutral,0.8008,2
Ugxqu3Bf5El8Yj34Mfp4AaABAg,v25zEFUprVY,@Audio_Time,Yerripuvvu lu unnantha varaku bjp power lo ne untadhi,English + Telugu,Neutral,0.7898,0
UgyIR6UOSDUwsqf_Utt4AaABAg,v25zEFUprVY,@samuelchristian8832,Washing powder nirma 😊,English + Telugu,Positive,0.7435,2
Ugwr6LprksewuI0e7S94AaABAg,v25zEFUprVY,@rameshputur,Stupid people,English,Negative,0.8345,0
UgxoE4ZX3smiYCKWJmp4AaABAg,v25zEFUprVY,@SdMasthan-e9x,Vanni gurinchi endira matlu chetha nakodaka,English + Telugu,Neutral,0.7778,0
UgxsUqwYh3S808-FsAt4AaABAg,v25zEFUprVY,@SdMasthan-e9x,"Raghavchedda ki modi 1000 kotlu offer,Ayana graph hundred persent pergondi Aite veedu O parsent ki padipoyadu",English + Telugu,Neutral,0.8805,0
UgzJp9Xzn7QlH71pBix4AaABAg,v25zEFUprVY,@gourishankarpalepu903,Raghav chadda ek number dhokebaaz,English + Telugu,Neutral,0.8,0
UgxvuvOZQh-APTQcwul4AaABAg,v25zEFUprVY,@VGBABU-v1y2i,"Oosaravelli,, Worst Dirty politician , Package Star in india",English,Negative,0.945,1
Ugyu9b7lQjfPbtv9ACl4AaABAg,v25zEFUprVY,@Josephjosephkondhra,Parlament lo chadda talk also kutra,English + Telugu,Neutral,0.8524,0
UgweaDMRakm83zisB6x4AaABAg,v25zEFUprVY,@Josephjosephkondhra,"Teesuka povadam mosam,neeti heenudu",English + Telugu,Neutral,0.859,1
UgxfU1njBdbAQY7FIRJ4AaABAg,v25zEFUprVY,@yellaiahchittala2635,Party Change Chesevadu Useless fellow and Waste fellow,English,Negative,0.9072,0
UgxBVagRMzjuuOt_urd4AaABAg,v25zEFUprVY,@Tharunp2Oxg4AT4qwsi0PD3kOgm,పంజాబ్ లో అతులు కూడా పీకలేడు రాఘవ చెడ్డి,Telugu,Neutral,0.7389,0
Ugwb_amfDDdifGAFULl4AaABAg,v25zEFUprVY,@pattanhafeezkhan1815,Raghav chadda pant vadili Nikkar vesadu,English + Telugu,Neutral,0.8594,0
Ugx0uM5syFtQrJd_BDF4AaABAg,v25zEFUprVY,@prabhakarrao426,A prefect demonstration of make people believe that I am for the people and show the real flavour of a Politician.🎉,English,Positive,0.9223,2
Ugy0Bfad4MRbCkqGP-J4AaABAg,v25zEFUprVY,@sanjeevreddyragireddy5208,Thuuuuuuuu idhoka bathuka cheppandi 👎👎👎👎👎 ragav chadaa chadda chadda,English + Telugu,Neutral,0.4556,0
Ugwl3UNqUn16NKgQdRZ4AaABAg,v25zEFUprVY,@chennaraom9192,Raghv Chadda is correct.. He will won in Panjab..Young leader will be emerged for Indian Politics,English,Positive,0.8247,0
UgyN5MzRv4yf7WPjCjJ4AaABAg,v25zEFUprVY,@ShaikAbdhulbvrm2,సార్ మీకు అర్ధం కావడం లేదు యోగి గారు ప్లేస్ లో నన్ను ఉండమని కోరారు అందుకే వచ్చిన నన్ను ఎందుకు అలా అనుకుంటారు,Telugu,Neutral,0.7207,1
UgzBwLQUzt2V4kwmsKJ4AaABAg,v25zEFUprVY,@samsonkampelli6370,Hai bro,English,Neutral,0.6447,0
UgxunXU3OVxy-GnZMr54AaABAg,v25zEFUprVY,@maximumgamerz4778,"BJP Nukalu tini balisina kodi ""Raghava chadda.."" veedu bale mosagadu",English + Telugu,Neutral,0.7674,0
Ugy9ygJ2rllkEJ6Y3wN4AaABAg,v25zEFUprVY,@nampallyvenkanna5612,Super,English,Positive,0.6605,0
UgzZ8F01yHF0wbFlKVp4AaABAg,v25zEFUprVY,@mpkrishnaiah3819,It may be joining bjp not affected anti defection bill but morally they must resign as they elected by the elected members and joined in uneducated and gundas party (in his words),English,Neutral,0.5066,0
UgxwiDGvJJC12NTTi1B4AaABAg,v25zEFUprVY,@indianiqstudypoint4428,Hi Paytm hero. I expected this from you.,English,Positive,0.7256,3
UgzKQdsdiQPr4ag6OXR4AaABAg,v25zEFUprVY,@rajveerarajveera,Please explain The Taj Story..  real facts and fiction... I want you to listen in your point of view please,English,Neutral,0.747,0
UgzsVVXSBifntVIo5D54AaABAg,RmD7yLSVMJA,@teluguknowledge42,"కవిత TRS vs కేసీఆర్ BRS... 
తెలంగాణ ప్రజలు ఎవరి వైపు ఉంటారు? 
Comment Below...💌",Telugu,Neutral,0.8107,15
Ugx3-EpzGHuEU1RbZvh4AaABAg,RmD7yLSVMJA,@Mahendhar-Puppala,బ్రో మది పక్క తెలంగాణ. కవితకు 1% కూడా ఓట్లు పడవు. అటు తిరిగి ఇటు తిరిగి మళ్ళీ టిఆర్ఎస్ బిఆర్ఎస్ లో విలీనం చేస్తుంది. టిఆర్ఎస్ పేరుతోనే కేసీఆర్ కి ఫ్రీగా పబ్లిసిటీ చేయడం తప్ప ఇక్కడ ఏమీ ఉపయోగం లేదు. వచ్చే ఎన్నికల్లో కేసీఆర్ ముఖ్యమంత్రి అవుతాడు.,Telugu,Neutral,0.7701,0
UgyJPdZS2UhPai4b32x4AaABAg,RmD7yLSVMJA,@Prakash_ప్రకాష్,నక్సలిజం మీద ఒక ఆడియో పెట్టు.,Telugu,Neutral,0.7185,0
Ugz3vXvh5KcJXwZwbYF4AaABAg,RmD7yLSVMJA,@devendranathrasalay6594,Siggu leni jail nundi vachina vallu thappudu panulu chesina vallaku modata thalakekkinchu kuntaru aa taruvata bada padutaru,English + Telugu,Neutral,0.7112,0
UgwRXrwllhbc_gjpj4F4AaABAg,RmD7yLSVMJA,@JaiKrishna-n2y,Bro politicians pracharam chesetapudu arm em tayitu eduku kadataru,English + Telugu,Neutral,0.7607,0
UgzbaFxrc9_FPVgJYKV4AaABAg,RmD7yLSVMJA,@naninaveen1302,"Anna
2010 andrapradesh mfi crises mida videos cheyandi please",English + Telugu,Neutral,0.7893,0
Ugxkpg0CKF_RR8i--dZ4AaABAg,RmD7yLSVMJA,@devarasivakrishna3698,"కవిత, కేసీఆర్ ల కథ వింటుంటే, సేమ్ కృష్ణవంశీ, శ్రీకాంత్ ల కాంబినేషన్ లో వచ్చిన మహాత్మ సినిమా స్టోరీలా ఉంది.",Telugu,Neutral,0.7504,2
UgykeRMNGSZNx6YTP8N4AaABAg,RmD7yLSVMJA,@sundherbatharaju9477,Good intimation,English + Telugu,Positive,0.7542,0
UgxB13fnH7aiiNdRLyV4AaABAg,RmD7yLSVMJA,@gopibadavath-jd8nf,రెండవ షర్మిల అవుతుంది ఏమో?,Telugu,Neutral,0.685,0
Ugz3HjMK6ySqeZCBUoN4AaABAg,RmD7yLSVMJA,@gudellabhanu6436,Super anna 🤝,English,Positive,0.973,0
UgzjFV_zFCc2I281ZFZ4AaABAg,RmD7yLSVMJA,@Rrtelugu8008,Kukkalu kuda dekatledu....media Vallu over hype esthunnaru....,English + Telugu,Neutral,0.745,0
UgyG7h755xK8jL6cbAl4AaABAg,RmD7yLSVMJA,@sunilbabu9635,You give any workshops on creating videos? I am very impressed with ur video editing and mainly the use of AI. Please let me know,English,Positive,0.9618,0
Ugy6Qw4Q-jcwJz2iGxt4AaABAg,RmD7yLSVMJA,@chandaprabhakar9,Telangana always with KCR❤❤❤,English + Telugu,Positive,0.9466,0
Ugwk34bE2s_wgbzw4dd4AaABAg,RmD7yLSVMJA,@KSk-x9k,Deposit radu,English + Telugu,Neutral,0.803,1
UgyPLNOlB1tCKl5awKt4AaABAg,RmD7yLSVMJA,@saivarma7959,Sollu anna elections ayipoyaka malli vallu kalisipotharu seats panchukuntaru 😂😂😂,English + Telugu,Neutral,0.682,0
UgxXRG9OatZ6or9h_k94AaABAg,RmD7yLSVMJA,@s.dinesh.92,TRS Ni BRS lo kalepestharu oka 10 years lo 100% pakka rasi pettuko 😂,English + Telugu,Neutral,0.7414,0
UgzT8S9e5L0KuAxaLN54AaABAg,RmD7yLSVMJA,@ganeshvizagabbay...8086,పాముకి పాలు పోసి పెంచారు జగన్ ఇంకా కేటీఆర్...,Telugu,Neutral,0.7275,0
Ugw2DM_nfyAN4e5NyMh4AaABAg,RmD7yLSVMJA,@Venkat___77-h2t,Mawa ai editing nuvu vadi natu evearu vadi vundharuu 😂,English + Telugu,Neutral,0.7894,0
UgzLKA2EQsGlCEl15rx4AaABAg,RmD7yLSVMJA,@santhoshguptha9952,Bro this is all family drama and after election kavita party also became a thalli telangana party vijayshanthi,English + Telugu,Negative,0.5145,0
UgyRU1VnaVJr93Eip794AaABAg,RmD7yLSVMJA,@Narendra-c9z,"TN లొ జయ లలిత అమ్మ , WB లొ మమత దిదీ, హర్యానా లొ మాయవతి . వీరు మహిళా cm లే TS లొ కవిత మీరు కూడా Cm కావాలి. ఆస్థితికి మీరు వెళ్లాలని ఆశిస్తూన్నాం",Telugu,Neutral,0.786,0
Ugzvb9tHMj8doqX_Zr54AaABAg,RmD7yLSVMJA,@jamibalaji7496,"సింగల్ పాయింట్ 
పంపకాలు తేడా వచ్చాయి అంతే పార్టీ పుట్టింది",Telugu,Neutral,0.7117,0
UgzRHEnjANDSflDg_gZ4AaABAg,RmD7yLSVMJA,@drgnhome8529,Pronunciation Every time KCR Garu❤,English + Telugu,Positive,0.8732,1
UgwjlOQ2VSTsIe9F46h4AaABAg,RmD7yLSVMJA,@madinibhargava7362,Hi😊,English,Positive,0.9531,0
UgzQmt_DvW_KCNVTzqd4AaABAg,RmD7yLSVMJA,@satishganta4276,అభిప్రాయం అంటే... ఏమో గుర్రం ఎగరా వచ్చు... చతికిల పడొచ్చు... TRS భవిష్యత్ Time మాత్రమే నిర్ణయించగలదు... 👍🙏🥰,Telugu,Neutral,0.7694,0
UgwHHczbKDXzFO_80yV4AaABAg,RmD7yLSVMJA,@Kumarsurendra96,"No1 paytm channel 
Always supports brs and ycp",English + Telugu,Positive,0.8164,0
UgxIISeZzXJDBOPLnih4AaABAg,RmD7yLSVMJA,@Noahsrujan,కల్వకుంట్ల అని పేరు తీసేసి ఓన్లీ కవిత అంటే ఎవరికీ తెలుసు,Telugu,Neutral,0.7473,6
UgyS4TmTsDZqsqcJuJZ4AaABAg,RmD7yLSVMJA,@unitedstatesofsouthindia,Daughter and father same full drama don't trust her,English,Negative,0.8718,0
UgxZIIcT_8TFeT_oikR4AaABAg,RmD7yLSVMJA,@kovvadarambabu7156,"కవిత కొత్త రాజకీయ పార్టీ ప్రకటన హర్షణీయం. 

కానీ తండ్రి కేసీఆర్ బిడ్డగా ఆమె చేసింది పెద్ద తప్పు. కవిత చాలా స్వార్ధం నిండిన మనిషి. ప్రజలకోసం పార్టీ పెట్టాననడం అంటే పచ్చి అబద్ధం. కవితకు తండ్రి పార్టీలో సముచిత స్థానాన్ని పొంది ఉంటే ఇలా మాట్లాడే వారు కాదన్నది తెలంగాణా ప్రజల అభిప్రాయం.

కవిత తనను తాను అమ్మగా చెప్పుకుని సొంత డబ్బా కొట్టుకోవడం చాలా తప్పు. ఆమె ఇంత స్థాయికి ఎదిగిదంటే తన తండ్రి కేసీఆర్ భిక్షే అన్నది స్పష్టం. తండ్రి పరువుని బజారుకీడ్చిన కవిత ప్రజల్ని లెక్కచేస్తుందా?. అంతా పచ్చి అబద్ధాలు తప్ప మరేమీ కాదు. ఆమె రాజకీయ పార్టీ వల్ల తెలంగాణా ప్రజలకు ఒరిగేదేమీ ఉండదు.",Telugu,Neutral,0.7287,2
Ugw1Sa3U-t2y3x1FwJV4AaABAg,RmD7yLSVMJA,@varaprasad4531,Andhra Pradesh talli telangana talli😅,English + Telugu,Neutral,0.8445,0
UgxKNGXQo64eLgKAQ9N4AaABAg,RmD7yLSVMJA,@BeyondPradeepHQ,Party lo padhavi and money kosam ee drama,English + Telugu,Neutral,0.7745,0
UgwGvtYquGcW8G_yuz14AaABAg,RmD7yLSVMJA,@BeyondPradeepHQ,"Shermila far better than Kavitha !
Ayna velu vala Nana Peru chepukoni vala Inti peru petukone pelli ayna kuda mali valene tedatharu !",English + Telugu,Positive,0.5116,0
Ugx-UAcSIr6yasZUqiB4AaABAg,RmD7yLSVMJA,@BeyondPradeepHQ,"Trs brs chese big mistake!
Valu party petendhe TG kosam 
Tdp jsp ycp TG lo poti cheste ap valu antaru but velu matram maharashtra ap etc poti cheyachu 😂wha 
Even tdp anti congress ga petru but adhe tdp 2018 2023 supported to congress in TG",English + Telugu,Negative,0.5121,0
UgzVU5dYwvnfq52JRLp4AaABAg,RmD7yLSVMJA,@BeyondPradeepHQ,I think 🤔 Neku payment echeru emo andhukue ee video lekapothe poye poye dhani madhe video time boka,English + Telugu,Neutral,0.8921,0
UgxWSMFIHCZRuZWmStB4AaABAg,RmD7yLSVMJA,@BeyondPradeepHQ,😂😂😂 comedy dhaniki antha le shermila range 😅,English + Telugu,Neutral,0.6601,0
UgxjbIN5uY3BkQfkZmV4AaABAg,RmD7yLSVMJA,@vinodbandi2763,AI video laga undi real footage add cheyandi 🤷,English + Telugu,Neutral,0.8304,0
Ugwtta2TxDDNZdXjV5h4AaABAg,RmD7yLSVMJA,@vittalreddy799,Kavitha TRS party zero,English + Telugu,Neutral,0.7042,0
UgwlXAkTxEwXT6F4TfJ4AaABAg,RmD7yLSVMJA,@Mohammed-j4i4m,BRS.❤❤❤.JAI.KCR.❤❤❤,English + Telugu,Positive,0.893,0
Ugwiq-NiE-Pj7o782bt4AaABAg,RmD7yLSVMJA,@N128S,"Bro  0:36, 4:29 - 4:30, 5:30 pause it and see backend.  Ai😂😂",English,Neutral,0.8208,0
UgwLtZnkiCJ5oYpi5Pl4AaABAg,RmD7yLSVMJA,@vinodnerella-x5c,BRS has high chances of coming into power again in next election,English,Positive,0.5247,0
UgzG9Um1u8L-FUlJy2Z4AaABAg,RmD7yLSVMJA,@dharmasaitalluri8234,I don't trust Kavitha,English + Telugu,Negative,0.7126,0
Ugx92VAoIVgM4pfMg414AaABAg,RmD7yLSVMJA,@shaikshaikshaik2905,తొందరపడి నిన్ను మేధావి అన్నాను అది తప్పు,Telugu,Neutral,0.7342,2
Ugxb9yuvpTzf3mwNp6p4AaABAg,RmD7yLSVMJA,@shaikshaikshaik2905,కెసిఆర్ కుటుంబం మొత్తం దొంగలే తెలంగాణ ప్రజలకి బుద్ధి జ్ఞానం ఉంటే వాళ్లను గద్దె ఎక్కించరు,Telugu,Neutral,0.7562,0
Ugw79dS45YYDzgW9WGJ4AaABAg,RmD7yLSVMJA,@shaikshaikshaik2905,అన్న నువ్వు గొప్ప మేధావి 🙏🙏🙏,Telugu,Neutral,0.7494,3
UgwrCjy-7M4y3GGEGs54AaABAg,RmD7yLSVMJA,@pramodhj8074,"Andhra - YS Sharmila 
Telangana - Kavitha",English + Telugu,Neutral,0.891,13
UgxBGIjsqWdMHg78ENh4AaABAg,RmD7yLSVMJA,@PavankumarPavankumar-sj7hn,Usles party,English + Telugu,Neutral,0.7324,0
UgxrTWSEOBGiJVlck3J4AaABAg,RmD7yLSVMJA,@nccsrinivas,Ma kavitha akka next pm rasi patukondi 😂😂😂😂 sharmila akka next ap cm😂😂😂😂😂😂😂 jai akkalu,English + Telugu,Neutral,0.6321,2
UgyQhnaO03zT3zcWSjV4AaABAg,RmD7yLSVMJA,@moviemyaan,Idantha KTR gadi valla jarigindi  maturity thakkuva gudda balupu ekkuva vadiki,English + Telugu,Neutral,0.747,0
Ugz_oyxywKz3Azb5MER4AaABAg,RmD7yLSVMJA,@rcTheStar7,Ipud una govt meda vyatirekata ledhu brother... Inko padi samvatsaraalu rr a cm ga untaadu ... Okasari velli prajalatho matlaadu telustadi.... Online lo memes news ivi tappud prachaaraalu cheyinche pinkies vi... Nijaalu janaalu chptaaru,English + Telugu,Neutral,0.8059,0
Ugyqm-r6jaanq_WlkbN4AaABAg,RmD7yLSVMJA,@rcTheStar7,Brother kcr ni gaaru ani antunav ade cm ni gaaru ani anatke akade ardam avthundi niku kcr ante antha premo ani😂.... Vaadu chesina vaatiki prajalu odinchaaru... Malli telangana lo gelavaleeru,English + Telugu,Neutral,0.7809,0
Ugx9Xr1BwX1KOeZHygB4AaABAg,RmD7yLSVMJA,@ChrisJones-us2sb,TLR ani pettalsindhi samy. sontha intlo kumpati pette valu ante chala ashayam naku.,English + Telugu,Neutral,0.8727,0
Ugzeag5x1v-EPKiPyox4AaABAg,l0C0PW23-9E,@ravikanthnadella5245,మరో వెనిజులా ని తయారు చేస్తున్నారు మన రాజకీయ నాయకులు ప్రధానమంత్రి ముఖ్యమంత్రులు కూడా అడిగితే మళ్లీ కేసులు పెడతారు,Telugu,Neutral,0.7242,1
UgyNw212iThGYzzuUjd4AaABAg,l0C0PW23-9E,@ravikanthnadella5245,వ్యభిచారం చేసే వాళ్ళు ఎవరో చేసిన అన్యాయానికి మరి ఫ్రీగా ఎందుకు పతకాలు తీసుకోవాలి ఫ్రీగా ఫ్రీ గా ఎందుకు డబ్బు తీసుకోవాలి ఇది కేవలం రాజకీయ నాయకులు ఆడే ఆట వంద మందికి పంచితే వెయ్యి మందికి పంచాంగం అని చెప్పి ఆ డబ్బులు ఆడ తింటారు,Telugu,Neutral,0.7217,1
UgzoS6nB67ZpZB6qyz14AaABAg,l0C0PW23-9E,@ravikanthnadella5245,మన రాజకీయ నాయకులు వాళ్ల స్వార్థం కోసం ప్రజల్ని ఇలాగే తయారు చేస్తున్నారు ఫ్రీ పథకాలు ఫ్రీగా డబ్బులు పంచడం ఎవడబ్బ సొమ్మని ఇచ్చే ఎదవలకి బుద్ధి లేకపోతే తీసుకునే ఎదవలకి బుద్ధి ఉండాలి కదా ఓటుకు అమ్ముడుపోవడం ఏంటి ఇది వ్యభిచారం కన్నా దారుణం ఈరోజు లేనోడు ఎవడున్నాడు ప్రతివాడు చేతిలో పది వేలకు తక్కువ కాకుండా సెల్ ఫోన్ ఉంది,Telugu,Neutral,0.7291,1
UgzDZpMcRyIKafT_OsF4AaABAg,l0C0PW23-9E,@విగ్నేష్కత్తుల,"3.36 ట్రిలియన్ డాలర్ వారి జనాభా కి చాలా ఎక్కువ....
మన దేశం మాత్రం ఇంకా......",Telugu,Neutral,0.7412,0
UgxLDrKQNq5Ss_7XSax4AaABAg,l0C0PW23-9E,@విగ్నేష్కత్తుల,2008 నుండి 2014 లో రికవరీ అయ్యింది కదా.... అది మంచిదే కదా...,Telugu,Neutral,0.8056,0
UgxXnJSIGG3c_3GJ7ml4AaABAg,l0C0PW23-9E,@Safh185,"స్పెయిన్, ఇటలీ పరిస్థితి ఇంతకన్న దారుణంగా ఉంది. 😢😢😢😢😢😢😢",Telugu,Neutral,0.7542,1
UgzkM0kxSk4Sc97DVwF4AaABAg,l0C0PW23-9E,@Safh185,French Language ❤❤❤❤❤❤❤❤,English,Positive,0.9743,1
UgxgNMWmOCiiBEvCdCN4AaABAg,l0C0PW23-9E,@samsonkampelli6370,Hai bro,English,Neutral,0.6447,0
UgwChnDOGrdEjfHLGJx4AaABAg,l0C0PW23-9E,@KLucky-n7z,"Free plans, And India Economy Over Population gurinchi Explain Chey bro please 🙏",English,Neutral,0.6371,0
Ugxsj5ZkCx5GMrJpoV14AaABAg,l0C0PW23-9E,@gurjasaikumar8181,Pandu ranga vital swamy story video cheyu anna alage virabramaendra swamy varide,English + Telugu,Neutral,0.8937,2
UgxIo7vDu96-nRtVPE94AaABAg,l0C0PW23-9E,@abhishekdavidson,"The whole of western civilization will collapse if they continue to allow mass migration from Arabs and Africans. Western politicians have become too soft on crime, favoring migrants over natives. They are committing their own suicide.",English,Negative,0.8629,0
Ugw8RC_ZtXDCrnF8mAh4AaABAg,l0C0PW23-9E,@KarriChiranjeevi-f8p,ముస్లింలు లేకుండా చేయండి ప్రపంచవ్యాప్తంగా ప్రశాంతంగా ఉంటుంది,Telugu,Neutral,0.7318,0
UgzxEL4Ef78QkIubJw54AaABAg,l0C0PW23-9E,@AnHarika-u5y,Indialokuda twenteyparasentu.g.s.t.g.s.t.pakadaripatadamu.freepeyrutoraagakiyanaayakuludochukutunadamu,English + Telugu,Neutral,0.7276,0
UgwK7-DrOPDraAZWfcJ4AaABAg,l0C0PW23-9E,@sam90-eq7jn,"France gdp 3.36 trillion doller for 6 cr population. Our gdp 3.96 tr doller for 140 cr population, mana daridrulu idedo growth anukuntaru, france gurinchi vadilesi mana daridram gurinchi chepte, next day nuv kanilinchav bro. Idi mana bhatuku😢",English + Telugu,Neutral,0.7693,5
UgwWzcKD757ePb1F4iV4AaABAg,l0C0PW23-9E,@urssincerelypavan,Anna Chale video lo aduguthunanu messi gurich video chey please.,English + Telugu,Neutral,0.8642,3
UgxjR1RtpSlPtsXSTLh4AaABAg,l0C0PW23-9E,@garikaprasanth9890,Next. 🇬🇧,English,Neutral,0.7833,1
Ugz1NnCAnNi_CIhxtK54AaABAg,l0C0PW23-9E,@garikaprasanth9890,"Liberalparys. ..
country's. Destroyed. Own. Country. 😂",English,Negative,0.9053,2
UgyQb3lJCZ-79pOiKup4AaABAg,l0C0PW23-9E,@alochinchutelusuko,Marakalanu desham nunchi tharimi veyyali,English + Telugu,Neutral,0.8204,4
UgzQKWZiGgiAuqfDJAN4AaABAg,l0C0PW23-9E,@charan6977,think school content copy,English,Neutral,0.8127,0
Ugx1CdX5ezSmeD8kLTl4AaABAg,l0C0PW23-9E,@omsrimklimsivanarayana,దేశ ప్రజలకు యుద్ధం అవసరం లేదు నాయకులు కు మాత్రమే కావాలి 🌹కానీ బలి అయ్యేది ప్రజలు,Telugu,Neutral,0.7138,4
Ugw_xC1fpMlUZ4e40v14AaABAg,l0C0PW23-9E,@VinodReddyYandrapalli,"Losing of manufacturing sector is part of france strategy. After plaza accord in Japan, Japan devalued their currency which gives huge advantage to sell their cars in USA. Germany pushed their car manufacturing sector to premium segments like Benz, BMW etc. France cars are small, more cost to repair and maintain while the Japan cars are more reliable. So france govt reduce their focus on manufacturing sector. They started moving towards service sector. Since last 5 years they are investing heavily into AI (AI hub of Europe) & Green energy. They already rely heavily on nuclear energy for electricity. It's not bad it seems on social media. I do agree, they are problems like every other country. Most of these issues is due to Ukraine Russia war and COVID. Education and health care is top notch. It's a nuclear powered country.",English,Negative,0.7749,0
UgyuHr03pZovBB8RY9B4AaABAg,l0C0PW23-9E,@madhugopireddy5230,"France ఏమి పతనం కాలేదు. India నే పతనం అవుతుంది. ఎందుకంటే India లో మంచి విద్య, మంచి వైద్యం కావాలంటే లక్షలు, కోట్లు పెట్టాలి. సరే, ఉచితాలు అన్నీ తీసేసి, విద్య, వైద్యం ప్రాథమిక హక్కులు గా ప్రకటించండి.",Telugu,Neutral,0.7938,7
UgzTkg_zwgO6-wa135J4AaABAg,l0C0PW23-9E,@ПосолГероиня,France puku naakina Andhra lanjodukullu,English + Telugu,Neutral,0.8278,0
Ugz6Dv4f-Hyz3fZwFMd4AaABAg,l0C0PW23-9E,@P.V.Bhasckar,ఇలాగే ఉచిత పథకాలు అమలు చేయడం ద్వారా మన దేశ ప్రజలు కూడా సోమరిపోతులుగా మారి దిగజారిపోవడం కాయం.,Telugu,Neutral,0.7068,18
Ugx7lyrhTaOaZoUKCA14AaABAg,l0C0PW23-9E,@SHAIKTAHER-j3g,Bro ithe 1 france euro = 110.40 rupees ela iyindii bro france patanam iythe idhi ekkada logic bro,English + Telugu,Neutral,0.7786,1
UgxN_vNewIc85dR_fqh4AaABAg,l0C0PW23-9E,@harikrishna5666,Ap also on the way...bro,English,Neutral,0.8573,0
UgxliRTHFWFDvRcvtCp4AaABAg,l0C0PW23-9E,@sathishdhulam96,I LOVE TELUGU KNOWLEDGE FOREVER BRO ❤️,English,Positive,0.9762,2
UgwHVQ-Vm7zTrYH-TDt4AaABAg,l0C0PW23-9E,@Meena-e4g,Good Job,English,Positive,0.8835,0
UgxQESNfdpvXS816gDl4AaABAg,l0C0PW23-9E,@satyanarayanareddy5225,ఒక దేశం ఆర్థికంగా ఎదగడం ఎలా? మరియు మరొక దేశం ఆర్థికంగా పతనం అవ్వడం ఎలా? అనే 2 విషయంలను ఎంతో బాగా వివరించారు......❤❤❤❤,Telugu,Neutral,0.7084,9
UgwcdbQlxuEYmP2zy5h4AaABAg,l0C0PW23-9E,@gousbashashaik-o5u,Naku oka sameta gurthu vachende guri ginjaki dani nalupu kanapadathu anta migilini vallave kanapadatai anta....... Mundu mana country de sarega adesta next manam vere country gurenche alochana chai vachu.,English + Telugu,Neutral,0.7839,2
UgyV9Mc8c_JG4jmCopF4AaABAg,l0C0PW23-9E,@mercyraajingilela6573,"ఇండియా లో కూడా పథకాల పేరుతొ, ఓట్ల కోసం ఇచ్చిన హామీ లు కూడా పడి లేసిన రాజకీయ ధుర్మారుగులు ఇస్తూ గెలుస్తుంటారు, మరి ఈ కతలు ఎలా కవర్ అవుతాయి బ్రదర్. అంటే నీళ్లుఊరే భావి లో ఎంత చేదుకున్న ఊరు తుండే దేనా ఇండియా? కానీ పక్కనోడు పిచ్చుకల్ని చంపి పాప పుణ్యం తెలుసుకున్నట్టు ఈ మన దేశం ఇండియా! మత పిచ్చుకని చంపి సాధించేది ఏంటి? గుడి కట్టి పూజించు అంటే, పిచ్చుక లేని జీవం, మత సమాధికి ఆజ్యం.",Telugu,Neutral,0.7193,0
UgzrSBVYAyOXWDHOiCZ4AaABAg,l0C0PW23-9E,@CODDOXWORK,"GDP Ranking
Yes, France is firmly established in the top 10 largest economies in the world by Nominal GDP.  
• Global Rank: France consistently ranks as the 7th largest economy in the world by Nominal GDP in 2026.  
• GDP Value: Its nominal GDP is estimated to be approximately $3.2 to $3.6 trillion USD (estimates vary slightly by source).",English,Positive,0.7565,0
UgzAAq3eb9PnNQJTGaF4AaABAg,l0C0PW23-9E,@sarktaredits106,భారత దేశం లో ఉచిత పధకాలు అత్యంత ఎక్కువగా అమలు చేసే రాష్ట్రాల ప్రభుత్వాలు ఒకసారి ఆలోచిస్తే మంచిది..,Telugu,Neutral,0.7078,9
UgxSC1GuprEN6VdzCcF4AaABAg,l0C0PW23-9E,@Pavan-t4p,"మీ నుంచి వచ్చిన అన్ని వీడియోలు చూస్తాను చాలా వీడియోలలో మీరు చెప్పే ఇయర్ వేరు చూపించే ఇయర్ వేరు అలాంటి సందర్భం లో మేము దీనిని పరిగణనలోనికి తీసుకోవాలి
ఇక నుంచి అయినా ఇలాంటి చిన్న పొరపాట్లు పునరావృతం కాకుండా చూడగలరని మనవి❤❤❤",Telugu,Neutral,0.7308,22
Ugw8UH8DffFM7dqVx_x4AaABAg,l0C0PW23-9E,@channaraonayudu,Mallu bhatti vikramaraka 1 story video pleasu me,English + Telugu,Neutral,0.8657,1
UgzG2KsJWBed5JAaCqV4AaABAg,l0C0PW23-9E,@madinibhargava7362,Hi,English,Neutral,0.4641,0
UgyXW5VrlwcQKxlUSgh4AaABAg,l0C0PW23-9E,@sulochana2616,Hii boss ❤❤❤❤❤❤❤❤❤❤❤❤,English + Telugu,Positive,0.9744,5
UgwkMhFr7sddsZ_O12N4AaABAg,GuOXfpWqNdo,@okayatrikuduap,I like video bro good 👍 information,English,Positive,0.9726,0
UgxSxJ6FcHHSgBzDZWx4AaABAg,GuOXfpWqNdo,@kumarkunda-nu5lk,"Mari solution Cheppu... Neku telidu, inka yeppatiki ilage undalaaa...????  population base cheskune chesthee saripoddi raaa Neku",English + Telugu,Neutral,0.7854,0
Ugy26eqSslrprflolt54AaABAg,GuOXfpWqNdo,@venkateshkanumuri9811,2027 lo dinni evaru apaleru,English + Telugu,Neutral,0.8566,0
Ugxl6xItEXlzbPT1XbB4AaABAg,GuOXfpWqNdo,@livingroom-e3l,"Giving false information, I didn’t expect from you bro",English,Negative,0.882,0
UgzEx0RPiUm9-uCg13x4AaABAg,GuOXfpWqNdo,@KrishnaR2723,ఈ విధంగా జరిగితే హిందీ రాష్ట్రాల వాళ్ళు మన సౌత్ రాష్ట్రాలని డబ్బు బావులుగా వాడుకుంటారు కేవలం టాక్స్ డబ్బులు కోసం. మనo మైనారిటీగా అయ్యే ప్రమాదం కూడా ఉంది,Telugu,Neutral,0.6992,0
UgwiK8TAsM3ntHeP0f54AaABAg,GuOXfpWqNdo,@kanchianjaneyulu9263,Andhra Pradesh gurinchi endukuley veellaki special status techukovadam cheta kaaledu,English + Telugu,Neutral,0.8132,0
UgzTtmv2CRyCMLAi26N4AaABAg,GuOXfpWqNdo,@justinnaresh9924,"This is Modi ji master stroke like a Mahabharata Padma vibhushan ones You enter the BJP you should not come outside  
Congress fight every time good things on but no one are considered everyone feeling Congress is a opposition party Nova not thinking about what is Congress allegations",English,Neutral,0.6212,0
UgyFiyJmScbzZDCBgxB4AaABAg,GuOXfpWqNdo,@krishnarjun789,"1️⃣ INFRASTRUCTURE DEVELOPMENT
Congress: Gradual growth
BJP: Massive push in highways, expressways, airports, railways, metro

2️⃣ DIGITAL INDIA
Congress: Limited digital systems
BJP: UPI, Aadhaar linking, DBT expansion

3️⃣ WELFARE DELIVERY
Congress: Leakages in schemes
BJP: Direct Benefit Transfer reduced middlemen

4️⃣ TOILETS & SANITATION
Congress: Issue existed for decades
BJP: Swachh Bharat toilets construction

5️⃣ HOUSING FOR POOR
Congress: Slow housing schemes
BJP: PM Awas Yojana expansion

6️⃣ ELECTRICITY ACCESS
Congress: Many villages without power
BJP: Near full village electrification

7️⃣ NATIONAL SECURITY RESPONSE
Congress: Criticized approach
BJP: Surgical strikes and Balakot response

8️⃣ ARTICLE 370
Congress: Maintained special status
BJP: Removed Article 370

9️⃣ ECONOMIC REFORMS
Congress: Started liberalization
BJP: GST, IBC, Startup push

🔟 FINANCIAL INCLUSION
Congress: Limited banking reach
BJP: Jan Dhan accounts expansion

1️⃣1️⃣ HEALTHCARE SCHEMES
Congress: Limited coverage
BJP: Ayushman Bharat insurance

1️⃣2️⃣ LPG CONNECTIONS
Congress: Low rural access
BJP: Ujjwala Yojana expansion

1️⃣3️⃣ FOREIGN POLICY
Congress: Traditional diplomacy
BJP: More active global engagement

1️⃣4️⃣ DEFENCE MODERNIZATION
Congress: Slower procurement
BJP: Modernization and Make in India defence

1️⃣5️⃣ STARTUP ECOSYSTEM
Congress: Limited support
BJP: Startup India push

1️⃣6️⃣ PROJECT EXECUTION SPEED
Congress: Slower completion
BJP: Faster execution of projects

1️⃣7️⃣ WATER SUPPLY
Congress: Limited rural reach
BJP: Jal Jeevan Mission expansion

1️⃣8️⃣ CORRUPTION CONTROL (CLAIM)
Congress: Scam allegations
BJP: Digital systems for transparency

1️⃣9️⃣ LEADERSHIP STYLE
Congress: Coalition challenges
BJP: Centralized and decisive leadership

2️⃣0️⃣ RAILWAY MODERNIZATION
Congress: Traditional trains
BJP: Vande Bharat, electrification, modernization

2️⃣1️⃣ TAX REFORMS
Congress: Complex taxes
BJP: GST unified tax system

2️⃣2️⃣ RURAL ROADS
Congress: Slower connectivity
BJP: Faster expansion of rural roads

2️⃣3️⃣ AIIMS & HOSPITALS
Congress: Limited AIIMS expansion
BJP: Significant increase in AIIMS institutes and healthcare infrastructure

2️⃣4️⃣ DIGITAL GOVERNANCE
Congress: Paper-based systems
BJP: Online services and e-governance

2️⃣5️⃣ EDUCATION (SCHOOLS)
Congress: Expansion over decades
BJP: Focus on new schools, NEP 2020 reforms, digital learning",English,Positive,0.5771,0
UgyysVgbM_rvxbWzUG14AaABAg,GuOXfpWqNdo,@pratapkhannakolli1061,South ki 100% పెంచి north కి 50% పెంచితే ఎలా ఉంటుంది?,Telugu,Neutral,0.8304,0
UgxTP3CS37NJ8lJO9EF4AaABAg,GuOXfpWqNdo,@satyamsatyamanchim2428,Delimition రద్దుచేయాల,Telugu,Neutral,0.682,0
Ugx2U6TsKRTlUuiWSFt4AaABAg,GuOXfpWqNdo,@satyamsatyamanchim2428,💯 correct,English,Positive,0.709,0
Ugy5JUwZVaEs3_SGdzd4AaABAg,GuOXfpWqNdo,@satyamsatyamanchim2428,Ayyiunfochu,English + Telugu,Neutral,0.6807,0
Ugxh9TcMRafxRwa7RV14AaABAg,GuOXfpWqNdo,@mdrizwaan5513,Super.0pium.tea..effect.good.changing.in.india..0r..super.liquar.tea.effect.in.all.over.india.in.whole.india.itink.mothet.land.peoples..¥€$=°^¢®©∆✓×?.,English,Positive,0.7242,1
UgwqVrzjnP7yy7NJOOB4AaABAg,GuOXfpWqNdo,@rahulinjeti1181,"Lavda bjp 
We want seperate South India",English + Telugu,Neutral,0.7121,0
UgxIFXD0U8ocHyR5JBZ4AaABAg,GuOXfpWqNdo,@aadhyasworld-e3b,"Ila jarigithe india ante inka hindi desham ayepotundi telugu vallanu tokkestaru......south indians andaru galam vippali mana nayakulu elago gaajulu vesukuni vunnaru, telugu vallamu manam telugu desham manadi.....manaki jaragaboye anyayaniki maname poradukovali evado vastadu edoo chestadu ani chudakoodadu🙏✊✊",English + Telugu,Neutral,0.8544,0
UgyjwC5XGGVo3UlLlEx4AaABAg,GuOXfpWqNdo,@techchannel6433,Super explanation...love you,English,Positive,0.9811,0
UgwIritQSEwZQMwrN7l4AaABAg,GuOXfpWqNdo,@sudheerreddy1505,Bjp nd tdp nd janasena  nd ysrcp ki vote vesina laffoots .....batthayilu ani ippudu ardam aithundi ....ippadikyna manalni manam kapadukovadam better vallani thu thu ani cheppulatho kottadam better,English + Telugu,Neutral,0.8056,0
UgwLaMNKyMk9nUKdC8Z4AaABAg,GuOXfpWqNdo,@BellammaheswariBellam,North partiality BJP andabhakths valla south becoming loss😮,English + Telugu,Negative,0.6787,0
Ugx-mHc2gib7I460ZZV4AaABAg,GuOXfpWqNdo,@viswanathamkollur7840,Unfortunately Neither TDP norYSR congress open their mouths in the delimination issue. Very unfortunate.,English + Telugu,Negative,0.878,0
UgyDHMUynIb0jxnEumx4AaABAg,GuOXfpWqNdo,@AnandK-h3e,South India Country kavali Andi,English,Neutral,0.8757,0
UgxCQuKFiK1luZ6FXlh4AaABAg,GuOXfpWqNdo,@Jayasekhar-c3s,Orey babu chaduvukunnava ippudu tamilanaduki 39 before separation andhra42,English + Telugu,Neutral,0.7947,0
Ugy296lN478BwAhlpXl4AaABAg,GuOXfpWqNdo,@itssk5634,"Chandrababu ki modi support kavali andhuke Ela chesthu vunnadu,appudu Sonia ki support chesadu eppudu modi ki,andra ki manchi netha ledu,jagan caselu thapincha daniki yedaina thakattu pedathadu",English + Telugu,Neutral,0.7893,0
Ugy8HSOnv-kmdkVO5rl4AaABAg,GuOXfpWqNdo,@mohammadsaleem8717,Angrej gulam party BJP aur RSS ko Desh se bhagao desh ki Janata Jago Varna aur khokhla Ho jaega,English + Telugu,Neutral,0.7871,0
UgxgVAUr-C6rdIRX4Pd4AaABAg,GuOXfpWqNdo,@konesitaram3569,Good analysis bro ... But one think the hybrid  policy which is proposed by Revanth reddy Garu is very reasonable and logical. But I doubt  is Congress party  will support this?,English,Positive,0.6567,0
UgwktHgTz9VGTS6lbbJ4AaABAg,GuOXfpWqNdo,@kanavathrohithnaik8832,https://youtu.be/xRvtf0C8yOg?si=GdB4IZEHYxNYCzHJ,English + Telugu,Neutral,0.6958,0
UgwRIH6H_RYwYx0yvD54AaABAg,GuOXfpWqNdo,@gopirajusadam1374,ఇప్పుడు దీనికి ఒప్పుకోకపోతే 2027 జనాభా లెక్కలు అయ్యాక జనాభా ప్రతిపాదన ప్రకారం అప్పుడు ఇంకా చాలా అన్యాయం జరుగుది,Telugu,Neutral,0.7354,0
UgwpzgUJioHiVLoC4vR4AaABAg,GuOXfpWqNdo,@VennelaScan,భారత్‌లో ఏకరీతి వృద్ధి రేటు సాధించే వరకు డీలిమిటేషన్ లేదు,Telugu,Neutral,0.7722,0
UgyVEU6wqXmiCduj05h4AaABAg,GuOXfpWqNdo,@VennelaScan,"ఇంతమంది mp లు ఉద్దరించిందేమిటీ ,ఇక చెయ్యబోయేది ఏమిటీ , వాల ఖర్చులు ప్రజలకు అదనపు భారం.",Telugu,Neutral,0.7385,0
Ugz7V035MdlAunif57h4AaABAg,GuOXfpWqNdo,@yvkumar6267,Correct bro,English,Positive,0.509,0
UgxUnKzXJ4DrJCYrmx54AaABAg,GuOXfpWqNdo,@maneeshgoda9468,Amitshah parliament lo total speech pin to pin translate chesi chppandi miru parliament lo am jarigindho cheppakunda miru me script chpthe avaru nammmaru miru telugu citizens ni wrong direction lo chestunaru,English + Telugu,Neutral,0.8112,0
UgzpaLUCYq9ZJUAPaZx4AaABAg,GuOXfpWqNdo,@maneeshgoda9468,Total wrong information,English,Negative,0.759,0
Ugywg8qOO2ehvk7RpWp4AaABAg,GuOXfpWqNdo,@maneeshgoda9468,Conggress ki support chestu video chestunaru,English + Telugu,Neutral,0.7945,0
UgzLHKwl7BmSq_2Dj6d4AaABAg,GuOXfpWqNdo,@praveenkumarpandala4808,Bjp dayachesi ila cheyyoddhu,English + Telugu,Neutral,0.6931,0
UgwJYj9j7HK4CixADNN4AaABAg,GuOXfpWqNdo,@Dronaa879,"బత్తాయి గాళ్ళకి ఇవన్నీ అవసరం లేదు moddi చెప్తే ఏమైనా నాకుతారు.. మన తెలుగు ఉనికినే కళారస్తాం అన్నకూడా బత్తాయి గాళ్ళకి సమ్మగా వుంటది.. e delimitation ni support చేసినవాడు బత్తాయి గాడు, లేదా చదువుసంధ్య లేనోడు, లేదా IT cell గాడు, లేదా ఇంటిమనిషిని అమ్ముకునేటోడు 😂😂😂",Telugu,Neutral,0.738,0
UgxawMTU-pJxqhjZHUl4AaABAg,GuOXfpWqNdo,@RahulBoddeda-g9l,SOUTH COMPANIES KI VACHE RAW MATERIALS ANNI NORTH NUNCHE VASTHUNAI RA . VALLAKI PORTS EKKUVA LEVU KABBATI MANA DEGGARA PORTS & COMPANIES EKKUVA UNTAI . VALLAKI PORTS UNTE SOUTH GDP SANKANAKI POTHADHI RA. MUNDHU DHINI MEDHA VIDEO CHEY RA ADMINUU. ADHI EDO DELIMITATION KOSAM KADHU NORTH MEDHA RECHAGOTANUTU UNDHI BOKKA GADIVI,English + Telugu,Neutral,0.8112,0
UgxQzJISf-g6jZQuhJR4AaABAg,GuOXfpWqNdo,@RahulBoddeda-g9l,ENTHA PERIGINA PERCENTAGE SAME EE RA PICHI NA KODAKA . OPPOSE CHESINAVALLU MUNDHU MATHS NERCHUKONDI RA.,English + Telugu,Neutral,0.8345,0
Ugw3wCnaLWZ25kJ0ne54AaABAg,GuOXfpWqNdo,@yenikavinod4350,"ఈ డిలిమిటేషన్ అమల్లోకి వచ్చి సౌత్ వాళ్ళకు అన్యాయం జరిగితే,
ప్రత్యేక దేశం కోసం పోరాటం చేయాల్సి అవసరం వస్తుంది..
సౌత్ ఇండియా ✊✊",Telugu,Neutral,0.7453,0
Ugx6RiKyvLlRMLgcdhJ4AaABAg,GuOXfpWqNdo,@RahulBoddeda-g9l,"SOUTH STATES FINGERPRINTS BRO DELIMITATIONS VALLA KERALA KI 8SEATS BOKKA , TELANGANA KI 4 SEATS BOKKA,  AP KI KI 4 SEATS BOKKA, TAMILNADU KI KI 8 SEATS BOKKA, KARNATAKA KI KI 2 SEATS BOKKA. SO DELIMITATION VALLA SEATS AND VALUE INCREASE AVUTHUNDHI KANI BOKKA KADHU ERRIPAPALU RA MEERU",English + Telugu,Neutral,0.8512,0
Ugzs0RIzlEmu1SwGCNB4AaABAg,GuOXfpWqNdo,@Dronaa879,JP gaadu wrong narrate chesthunnadu publics vedhavalanu chese ప్రయత్నం చేస్తున్నాడు,Telugu,Negative,0.4983,0
UgxXEWOYMdb_6QV72ol4AaABAg,GuOXfpWqNdo,@udaykumarkandregula7747,"Maharastra, orissa south kathu ra jaffa",English + Telugu,Neutral,0.8891,0
UgwEosiuy22P6LrLcEh4AaABAg,GuOXfpWqNdo,@udaykumarkandregula7747,Orey sannasulara ... next population batti istadhi ... apudu andharu notlo meku petukoni undandi ... area size batti ivvaru ... North population 3times untadhi apudu meeku theguthi ... aina BJP ki South lo poeydhi emi ledhu😂😂😂,English + Telugu,Neutral,0.8503,0
Ugy7hJtvmsYyrunw3G14AaABAg,GuOXfpWqNdo,@spaceman737,"It's better to be ruled by BJP 🚩 than getting ruled by Khangress, YCP, TMC, DMK, CPIM, AAP 🤡",English + Telugu,Negative,0.6705,0
UgwD4NlbQPFHBQyfvTF4AaABAg,GuOXfpWqNdo,@venkateshchindam7040,South India country and Hyderabad is capital,English,Neutral,0.8378,0
Ugz8KYbEBCJL9ogsy0x4AaABAg,GuOXfpWqNdo,@venkateshchindam7040,Thank you for your clarity 🙏,English,Positive,0.9282,0
UgwKvjZpw-DjLMSMYkl4AaABAg,GuOXfpWqNdo,@SHAAN-Y6F,Andhra...daridram...entoo...eenayakuluu..mararu..,English + Telugu,Neutral,0.8419,0
UgwJh5G-cjRWv6q9jKl4AaABAg,GuOXfpWqNdo,@srinivasaraoamara7637,నేను ఎంతో కష్టపడి పెట్టిన మెసేజ్ లు కనపడటం లేదు అంటేనే మీయొక్క వాదనలో ఎంత నిజాయితీ వుందో తెలుస్తోంది,Telugu,Neutral,0.7603,0
UgyvzXgpZivNKaqyBTh4AaABAg,GuOXfpWqNdo,@bhuragaddajagan8661,"ఉత్తరాది దక్షణాది అనుకుంట కాలం గడపండి.ఇంకో 30 ఏండ్లు, తరువాత మొడ్డల కలిసి పోతము?",Telugu,Neutral,0.6785,0
UgyOhp4IbF3SOnJEizV4AaABAg,GuOXfpWqNdo,@bhuragaddajagan8661,"అరే బాబు జనాభా వున్నట్టు సీట్లు ఇవ్వవద్ద మరి, నీ సొల్లు కాకపోతే మరి డబ్బుల కోసం ప్రజలను అగం పట్టణీయకు??",Telugu,Neutral,0.7452,0
UgznOfl0sXQslEyLY554AaABAg,GuOXfpWqNdo,@Abba_abbabba,"ఆంధ్ర నాయకులు బీజేపీకి బానిసలు! దక్షిణ భారతదేశానికి, తమ రాష్ట్రానికి జరుగుతున్న అన్యాయాన్ని ఖండించే ధైర్యం వాళ్లకు లేదు.",Telugu,Neutral,0.7323,0
UgzBpGVNZ7_eZVsYw_t4AaABAg,GuOXfpWqNdo,@meevizagabbai,But ipdu accept cheyapothe e 50% inka problem kada bro. As per constitution 2027 lo automatically bill pass avtundi anta. Appdu based on population north lo inka ekkuvosthay kada...deeni gurinchi kastha chepu. Asalu based on population seats concept deenni change cheyali first south ki anyayam jarakkudadante,English + Telugu,Neutral,0.6391,0
UgzhijY0AAg4ZrUWZZB4AaABAg,9EBJrr0qj3I,@jagadeeshsariki1238,1:10 sec Bada Bada babulu vunnaru kabatti ee chiti fund bhayata ki vacchindhi..😢😢 adhee middle class family vallu Vunte ilaa pattinchukuntara youtube vallatho sahaaa 😢😢,English + Telugu,Negative,0.7275,0
UgwWmdBuMl9Dgsu-kLd4AaABAg,9EBJrr0qj3I,@BandiarmyBandiarmy,Mangill story,English + Telugu,Neutral,0.8074,0
Ugw5vGpZQWjoaIryIXV4AaABAg,9EBJrr0qj3I,@Ramesh-v2n2g,PACL,English + Telugu,Neutral,0.6581,1
UgyP07RxBKZShulLkXJ4AaABAg,9EBJrr0qj3I,@Karthik_bandari.,Intha long videos ma valla kaavu bro,English + Telugu,Neutral,0.73,0
UgwoRJm0RpkOy1cF0fp4AaABAg,9EBJrr0qj3I,@palletidileep2522,Agri gold,English + Telugu,Neutral,0.6565,1
Ugw0IewBhAMn_dYt-BV4AaABAg,9EBJrr0qj3I,@aneelkalicheti3415,Bro high income money (him) scame gurinchi video cheyandi,English + Telugu,Neutral,0.7209,0
Ugy-c10SwnCwpxWCHHF4AaABAg,9EBJrr0qj3I,@jagadishn570,Yes 100%????,English,Neutral,0.8216,0
Ugwdmrezm3jo4Zh7gip4AaABAg,9EBJrr0qj3I,@venkatasudheer713,Agri gold,English + Telugu,Neutral,0.6565,0
UgxGBLi-oK7dJaLIefp4AaABAg,9EBJrr0qj3I,@masskrishnafriend6465,edi INDIA amount thirigi radu gurthupettukondi,English + Telugu,Neutral,0.8221,0
Ugw205BWa8wzxVj7TX54AaABAg,9EBJrr0qj3I,@RamuluPuli-kt5qw,Sahara scam paina oka vidio cheyandi sir,English + Telugu,Negative,0.604,0
UgyYmCNgCoFxmGnJpZh4AaABAg,9EBJrr0qj3I,@MadaviEnkubai-h7t,"Sharadha guop kadhu
Sarada ( just for fun) 😂😂😂😂",English + Telugu,Neutral,0.684,1
Ugx0GSEZA17TmL1o_X94AaABAg,9EBJrr0qj3I,@satishganta4276,"మా అమ్మ గారు.. నా చిన్నప్పుడు ""రామ్ కాశ్యప్"" అనే chit fund లో మోసపోయారు... చాలా సార్లు ఆఫీస్ చుట్టూ తిరిగిన ఫలితం శున్యం 😒",Telugu,Neutral,0.7662,3
UgyIe9LZNEdrDEY9GiZ4AaABAg,9EBJrr0qj3I,@KAVITHAMAHI-r4o,🙏🙏🙏🙏👌👌👌,Emojis / Symbols,Positive,0.9116,0
UgyMdu_tdr0kxdVWI6V4AaABAg,9EBJrr0qj3I,@DGgh-h5w,Well done bro.you have shared good information,English,Positive,0.9692,0
UgxMs289HxT-EdbtM8V4AaABAg,9EBJrr0qj3I,@RamuluSetti,Lanchala Bharat manadi evanni mamule sir vallku emi kadu sir,English + Telugu,Neutral,0.8351,0
Ugz9J1yEhOGxP9aUpuV4AaABAg,9EBJrr0qj3I,@RamChander-l8p,"Jai Janasena 
Jai BJP 
Jai Hindu 
Jai Hindustan 
Jai Shri ram 
Jai Telugu knowledge",English,Positive,0.5094,2
Ugx3J2bZBU6uZ2FQeXF4AaABAg,9EBJrr0qj3I,@sreenagadamudi8553,Sahara company scam kosam oka video cheyandi bro,English + Telugu,Negative,0.682,0
UgzQ_CoSJNTvMcMIhLZ4AaABAg,9EBJrr0qj3I,@Access12Vishwam,రూపాయి రూపాయి కూడా పెట్టి డబ్బులు కట్టిన వాళ్ళు ఆత్మహత్యలు చేసుకోవాలి. డబ్బులు జమ చేసుకున్న వాళ్లు లగ్జరీ లైఫ్. వీళ్లకు శిక్షలు లేవా. ఇలా న్యాయవ్యవస్థ రోజురోజుకు చచ్చిపోతుంది. 😂,Telugu,Neutral,0.7131,8
Ugx4ByWxML8bmvLZ4Sh4AaABAg,9EBJrr0qj3I,@parimisrinivasarao4786,Ap lo jagan ne kuda en couter cheyyale,English + Telugu,Neutral,0.8291,0
UgxUt4ZAEjyj-wl_gLx4AaABAg,9EBJrr0qj3I,@parimisrinivasarao4786,Agre gold ilantedey,English + Telugu,Neutral,0.7359,5
UgyYb1ai8lXjYfRZ7994AaABAg,9EBJrr0qj3I,@charangoud369,"సిద్దిపేటలో కూడా ఇలాంటి ఘటనలు జరుగుతున్నాయి. కొంతమంది అడ్వొకేట్లు చట్టాన్ని దుర్వినియోగం చేస్తూ, IP పెట్టి కాలర్ ఎగరేసుకుని తిరుగుతున్నారు. అడ్వొకేట్ సపోర్ట్‌తో మరింత ఓవర్ కాన్ఫిడెన్స్ చూపిస్తున్నారు. ప్రభుత్వం కూడా అడ్వొకేట్ రక్షణ కోసం బిల్లు పాస్ చేయడంతో, కొందరు ఇంకా ఎక్కువగా రెచ్చిపోతున్నారు. అందుకే ఇలాంటి విషయాలపై అవగాహన వీడియోలు రూపొందించి ప్రజలను ఎడ్యుకేట్ చేయడం చాలా అవసరం.",Telugu,Neutral,0.7223,0
Ugxn3enkEPWdMLz_H6l4AaABAg,9EBJrr0qj3I,@karthik2015-y6h,ఇలాంటి వ్యవస్థ లు పెట్టుకునే వెసులు బాటు ఇచ్చిన ప్రభుత్వ వ్యవస్థ ల నిర్లక్ష్యం తీరు హర్షనీయం ముఖ్యం గా ఆర్ధిక కార్యకలాపాల మీద ఇన్కమ్ టాక్స్ వ్యవస్థ అమాయక ప్రజల ఆర్ధిక కార్యాకలపాల మీద ద్రుష్టి పెడతారు కానీ ఇలాంటి మోసం పూరత వ్యవస్థ ల మీద అటువంటి ద్రుష్టి పెట్టారు ఇ పరిస్థితి మీద ప్రపంచం సదస్సు లో మన కేంద్ర వ్యవస్థ ల ను కీర్తించాలి,Telugu,Neutral,0.7395,12
UgzP3Yz0sS-Py80YN_N4AaABAg,9EBJrr0qj3I,@valivetinageshwarao7152,చట్టాలోఉన్న సందులే ఆర్ధిక శాస్త్ర ఛాన్యుకుని నీతీ విపరీతముగ దోచుకోని ఆదేశాలను నాశనము చేయటము ఎలాగో అలాగే నేడుకూడా చాణుక్యుడు లెక్క తెలనివ్వాలిగ. అది అంత సులువుకాదు,Telugu,Neutral,0.7523,4
UgwW3f8zINhso34qUKd4AaABAg,9EBJrr0qj3I,@achutharamaiah4644,Idunta sebi telise saradagroup and poltical partys to kummajai calm gavundatMu calla inta bhary scam ayyindi sebi is purely responsible for their negligence and understanding with saradagroup,English + Telugu,Neutral,0.508,0
Ugzv_wVqqKe6V2uHBrx4AaABAg,9EBJrr0qj3I,@dayakarpolepaka9629,Brother good concept for the society 😊. And very unique voice brother ❤ very addicted to you r videos 💯🫂💙👌,English,Positive,0.9844,0
UgzaK8OhRCvsr-HViVp4AaABAg,9EBJrr0qj3I,@sridivyagunukula8058,Maa vurili chala scams ayyayi KAIKALURU lo pedda fraud Jagruti chiits 1998 nunchi vundhi 30 crores daaka petteru,English + Telugu,Negative,0.554,0
Ugwa8jTYbJItKbD70694AaABAg,9EBJrr0qj3I,@ramubilla6441,SAHARA scam paina oka video cheyandi sir thank you 🙏🙏🙏,English + Telugu,Positive,0.6012,5
UgynzYq_-jYFwy88Usx4AaABAg,9EBJrr0qj3I,@Venkatesh-j2h7l,Anna mangli issue midha oka video chey Anna .. matter anti ..Meeku thelisindhi clarity cheppandi annaiah,English + Telugu,Neutral,0.565,0
UgxRX0dVrDKZ8DaORSx4AaABAg,9EBJrr0qj3I,@Brg1333,కలియుగం ❌ కల్తీయుగం ✅,Telugu,Neutral,0.5217,14
UgzwGN0erM-S7_C6JJ94AaABAg,9EBJrr0qj3I,@skimran2851,Agni gold scam,English + Telugu,Negative,0.5154,1
UgwvXUcRA3VR2e-REQh4AaABAg,9EBJrr0qj3I,@prasadmanikonda2120,Sebi valla abhaya gold akshya gold agri gold  pacl india  sahara sarada chala companies close chesaru chala mandhi customers loss ayyaru but sebi evariki justice cheyaledhu,English + Telugu,Neutral,0.8497,3
Ugz2oKKkDrF90Rpnk1h4AaABAg,9EBJrr0qj3I,@dharmasaitalluri8234,I am also chit funds victim,English,Negative,0.569,1
UgzPKfpOEe039qnMxXx4AaABAg,9EBJrr0qj3I,@ajsarveswararao2416,"I also victim in1990 ,Rs 1400 Guntakal AP",English,Negative,0.698,1
UgwdTeAd6dGs1Mo0S7J4AaABAg,9EBJrr0qj3I,@sunayraj6372,"Pearls ane chit fund unde bro,ma father andhulo work chesaadu, vaallu cheat chesaaru, meeru research CHESI,dheeni video kuda Cheyandi",English + Telugu,Neutral,0.8186,0
UgyzTyxCF1xCzMUJFyV4AaABAg,9EBJrr0qj3I,@pawankumarchalla1782,Mamatha Begum is main villain,English + Telugu,Negative,0.6719,1
UgyvZbjsAAwHWVbnZyB4AaABAg,9EBJrr0qj3I,@Teja_9494,Avunu nenu andukay chittu lu assalu kattanu,English + Telugu,Neutral,0.81,0
UgxzTkpaNN7bK6qczO14AaABAg,9EBJrr0qj3I,@Farooqfail7,Bro bihar jangal Raja period  gurinchi Chepandi,English + Telugu,Neutral,0.8344,0
UgwuufIzPAnH0SyNX054AaABAg,9EBJrr0qj3I,@BalakrishnaKrishna-x3f,బ్రదర్ మవురా లో కూడా చాలా మందే చిటలు వేస్తరు బాగా సంపడస్తరు,Telugu,Neutral,0.7363,1
UgwAFdBFtc1EArnQ6XF4AaABAg,9EBJrr0qj3I,@developeruser-v7t,"Sharadha devi ante devatha perutho mosama hindu hindu hindu hindu, veelu chowdaries, redlu ledante kapulu ayi vuntaru",English + Telugu,Neutral,0.8141,0
Ugw1IZ0iohuwUIdK6c54AaABAg,9EBJrr0qj3I,@ColdPressedOils,Enka chits Enduku kadutunaru,English + Telugu,Neutral,0.8061,1
UgzT6ExO39jEFpehSPB4AaABAg,9EBJrr0qj3I,@gugulothnareshhsd,ఎంత గోరం 😢😢😮😮😮😮,Telugu,Neutral,0.5036,2
UgwHf3VZZxsHWAAvlSN4AaABAg,9EBJrr0qj3I,@gugulothnareshhsd,😮😮😮😮😮😮😮.... దేవుడ,Telugu,Neutral,0.5004,1
Ugz5sJxLXaFMd1x7lI54AaABAg,9EBJrr0qj3I,@kumaravenakatasatyaprasad4369,మేము భాధితులం,Telugu,Neutral,0.7147,3
UgzT0bFBwxbvHb_yvnV4AaABAg,9EBJrr0qj3I,@sivaprakashrao,The best is to invest in gold and silver.,English,Positive,0.8646,1
UgwJ6h-d_Z-Ot6uOe_94AaABAg,9EBJrr0qj3I,@prashanthvicky460,Anna sahara lo ma dad invest chesaru asalu gvt ha money eppudu isundi customer care ki call chesi ma bond expire eppudu avuthundhi memu apply chesukovacha Leda telusu kovali anna  13/3/2018  bond date,English + Telugu,Neutral,0.8072,6
UgwlwvGOwOoslP91Usd4AaABAg,9EBJrr0qj3I,@dr.anandkumarchatragadda6602,Great. Incredible India,English,Positive,0.9701,0
UgzdTqP2Y2knJ7-5UjR4AaABAg,9EBJrr0qj3I,@FamilystarEresh,Maa urlo 4.5 cr scam raichur district nagandoddi,English + Telugu,Negative,0.5037,2
UgzrDylTWH1wmp_5mBt4AaABAg,9EBJrr0qj3I,@D.sundari-l8y,Agrigold,English + Telugu,Neutral,0.7744,10
UgxexVijLOiOU8z8B994AaABAg,9EBJrr0qj3I,@nissimary438,LIC guruchi koda chepandi sir tq ❤,English + Telugu,Positive,0.7273,1
UgxLXyh1vYlc8UzxbPB4AaABAg,9EBJrr0qj3I,@vinugold4953,Brother SAHARA investments kuda oka video cheayandi challa mandhi investment cheasi unaruu but payment ravadam ledhu,English + Telugu,Neutral,0.8207,4
Ugw1jALV9kVfOThun6B4AaABAg,9CGk2GpFDcQ,@teluguknowledge42,"ఇండియన్ పాలిటిక్స్ లో ప్రజల కోసం నిజాయితీగా పనిచేస్తున్న నాయకులు చాలా తక్కువే. 
మరి మీ దృష్టిలో... మీ ఫేవరెట్ పొలిటీషియన్ ఎవరు? 
ఎందుకు? 
కామెంట్స్‌లో  చెప్పండి! 👇🔥",Telugu,Neutral,0.7523,58
UgxTyzHkLDr419oFZ6R4AaABAg,9CGk2GpFDcQ,@venkatnaik694,KTR,English + Telugu,Neutral,0.7365,0
UgzcRn_AOWZXpJseOMN4AaABAg,9CGk2GpFDcQ,@GemmeliRamarao-n7y,❤❤❤ ❤❤,Emojis / Symbols,Positive,0.9451,1
UgzfY3Vw9BtDS4AiYGh4AaABAg,9CGk2GpFDcQ,@anandvehari9274,Modi❤❤,English,Positive,0.9722,0
UgxEbwSXv7GufnxLsDt4AaABAg,9CGk2GpFDcQ,@gollenikarunakar1575,Narendra Modi,English,Neutral,0.6672,0
UgwdmiuVcDVq6PLTeF54AaABAg,9CGk2GpFDcQ,@VenkannaBanda,Good insipertion of ragava,English + Telugu,Positive,0.8285,0
UgwZxActYG_9-XVKnFZ4AaABAg,9CGk2GpFDcQ,@fearofmaths4667,CM Jagan,English + Telugu,Neutral,0.7633,0
Ugzgm-eLXoqKoLRgOsZ4AaABAg,9CGk2GpFDcQ,@grmanjunathreddy6505,Bro best political leader nenu  because in every election I vote for 🚫,English,Positive,0.9291,0
UgwTZJPwPWO55DRJusd4AaABAg,9CGk2GpFDcQ,@Alurusanju-b2q,Ysr,English + Telugu,Neutral,0.7259,0
UgxFv6y6LHupdlwRCV14AaABAg,9CGk2GpFDcQ,@chiranjeevisavarapu4917,పెద్ద బిజేపి దొంగ,Telugu,Neutral,0.7283,0
UgxOwXvDKaL7RLy3V_d4AaABAg,9CGk2GpFDcQ,@kantavijay4265,Raghava Chadda best UNFAIR politician UNSUBSCRIBED,English + Telugu,Negative,0.6084,0
Ugy83V_6C51RLwNENGt4AaABAg,9CGk2GpFDcQ,@gopitadi7368,Rajasekhar reddy,English + Telugu,Neutral,0.8382,0
Ugw0L2ANvr3ikrBA1FV4AaABAg,9CGk2GpFDcQ,@Rk-k5x7p,అతని బత్తాయిలు త్యరగా ఓన్ చేసుకొని వీరుడు సూరుడు భజన మొదలెట్టండి పంజాబ్ సీఎం అని,Telugu,Neutral,0.6978,0
UgzE2gN7h6jWCHiRell4AaABAg,9CGk2GpFDcQ,@Rk-k5x7p,చెద్దా తప్పు చేసాడు. MP కి resign చెయ్యాల్సింది. ఇమేజ్ లో పాతాలానికి పడిపోయారు worest politician. జంపింగ్ జిలాని,Telugu,Neutral,0.7953,0
UgwDexfq5YQr-Cei01R4AaABAg,9CGk2GpFDcQ,@DurgeshAbhishek,హమ్ ఆత్మీ పార్టీ కరెక్ట్,Telugu,Neutral,0.7482,0
UgxuasmmbI3cBQjP8_h4AaABAg,9CGk2GpFDcQ,@NaveenKumar-jy2hz,Three dots one question mark petti emina cheppavachu,English + Telugu,Neutral,0.8233,0
UgwYGcJtZNjQ06BCUux4AaABAg,9CGk2GpFDcQ,@RajjuMadavirajju-b6f,"Ragahv chedda  👍 mere ma nayakudu enni years tharuvatha vachina magadu. 
Andhukosame vokkari notanunchi mata raledhu. Great bhaya. 🙏👏🙌",English + Telugu,Positive,0.7951,0
UgzQrDcgwtgjSNfbqup4AaABAg,9CGk2GpFDcQ,@ARYA919-n5b,Who's here after chadas joining in BJP😂,English,Neutral,0.826,0
Ugwn8oqtRDbKvWdFRX54AaABAg,9CGk2GpFDcQ,@basheerali5928,Personal image penchukodaniki ragav lanti vallu vese stunt lu Ivi. Nijam people tarapuna work chese vadu sound cheyadu. Result chupistadu. Ithanu aithe dummy candidate with top floor empty and some pa written bounded script.,English + Telugu,Neutral,0.7854,0
Ugx5XPS3cf164raOYkV4AaABAg,9CGk2GpFDcQ,@RajeshYeddu-u2f,Rahul Gandhi,English,Neutral,0.6206,0
Ugyhrupym-CeduJOjXB4AaABAg,9CGk2GpFDcQ,@surichandana1192,Pawan kalyan,English + Telugu,Neutral,0.7088,0
Ugxk-NVZpAC4Cge-bip4AaABAg,9CGk2GpFDcQ,@avulachandrasekharreddy1890,Vedu waste love jihad fake and propaganda ani chaptunadu,English + Telugu,Negative,0.7423,0
Ugwu8rGutE8BacGkI914AaABAg,9CGk2GpFDcQ,@ChodipalliKumar-v4e9c,❤❤❤,Emojis / Symbols,Positive,0.9414,0
Ugyn3JM9EVuL_6jl_qh4AaABAg,9CGk2GpFDcQ,@venkatramesh9471,Aam Aadmi party ki nyayam cheyyani vadu public ki am chestadu. Just public stunt thappa.  Ooka party or company or owner ki respected ga undani vadu other things lo good untada.  Responsibility first. Quitting mind unna vadu alla chestadu.,English + Telugu,Neutral,0.5859,0
Ugx6DL3TLTcO-8X6vZ14AaABAg,9CGk2GpFDcQ,@rajannanasukuri2080,next pm,English,Neutral,0.7766,0
UgxqHpW3_K1LF3zJXsJ4AaABAg,9CGk2GpFDcQ,@dnr662,❤❤❤,Emojis / Symbols,Positive,0.9414,0
UgyRAoz5NMrytdNSi2F4AaABAg,9CGk2GpFDcQ,@srisriperformvisuals3001,"🫵 నిజం మాట్లాడే ఒక్కనోరుని 
మిగతా 99 మంది కలిసి నొక్కేయడం "" అవినీతిపరులకి అసాధ్యం కాదు కదా 🫵",Telugu,Neutral,0.7885,0
UgzNqmKWU7kerIicPLB4AaABAg,9CGk2GpFDcQ,@Sumanth__-hl4uz,Raghava chedda age 38 years,English + Telugu,Neutral,0.8721,0
UgysMyLIXflBNzP4vvt4AaABAg,9CGk2GpFDcQ,@Vinaynani-vo7hb,PSPK.AP CM,English + Telugu,Neutral,0.7187,0
UgxFOy3M2X71XRGD_fB4AaABAg,9CGk2GpFDcQ,@ashoknadipintiashoknadipin212,"ఎంత తెలివైన వాడైనా ఏదో ఒక చోట తప్పు చేస్తాడు,, మీలాంటి youtube వల్ల ప్రతి విషయం కూడా పూర్తిగా తెలుస్తుంది అందుకు సంతోషిస్తున్నాను",Telugu,Neutral,0.7157,0
UgzFAg3Yi3perozYKXJ4AaABAg,9CGk2GpFDcQ,@MrGpraju,Shining every thing is not gold something wrong,English,Negative,0.5155,0
UgxfBgsbe5pbevjUtVx4AaABAg,9CGk2GpFDcQ,@sirisirisha6540,For your information delivery boys issue  ithaniki em sambadham blink it owner e cheppadu miku teleda,English + Telugu,Neutral,0.8511,0
UgyJW4Jn5sNvI1_aBit4AaABAg,9CGk2GpFDcQ,@kjamesdyvavaram,Raghav chada  I.  Lik.,English + Telugu,Neutral,0.9003,0
UgyJh_rDUoI5YGlc6LF4AaABAg,9CGk2GpFDcQ,@jagadishn570,ನರೇಂದ್ರ ಮೋದಿ ನೆಕ್ಸ್ಟ್ ಪವನ್ ಕಲ್ಯಾಣ್,Emojis / Symbols,Neutral,0.7704,0
UgxZsqp8_IuGgj3qbMp4AaABAg,9CGk2GpFDcQ,@Sankaraiahgssankaraiah,Pawan Kalyan ❤🔥,English + Telugu,Positive,0.9584,0
UgyhRaDDzQVEp-K6zCJ4AaABAg,9CGk2GpFDcQ,@KomatiRavisankar-e8i,Jai BJP jai modi,English,Positive,0.6902,0
UgxoZoKz238MeKPojHF4AaABAg,9CGk2GpFDcQ,@KumrasrikanthKumra,Ragav chhada ❤❤,English + Telugu,Positive,0.915,0
UgyceCgt2cM4KWajfGN4AaABAg,9CGk2GpFDcQ,@Jaganannathonaaprayanam,My favourite and guts political leader Ysjaganmohan Reddy ❤,English,Positive,0.9717,0
UgzUusjmiS-rJhlxT6N4AaABAg,9CGk2GpFDcQ,@sumanthsonu4479,Unsubscribing because u r praising him,English,Neutral,0.6017,0
UgzlW2LIgdaSi7i0Z4d4AaABAg,9CGk2GpFDcQ,@mr.calculator1207,Always one and only our hounarable prime minister Narendhra modi gaaru maathramey naa favourite,English + Telugu,Positive,0.9291,0
UgwVwu7rCbED4yASj294AaABAg,9CGk2GpFDcQ,@VenuGopalReddy-k7f,Rahhav chsdha,English + Telugu,Neutral,0.7482,0
UgyFih04MWy-YpgN5x54AaABAg,9CGk2GpFDcQ,@chetanfanofyashfromkarnata8398,"BJP  
Modi sir or yogi adityanath sir",English,Neutral,0.9015,0
Ugzroncs0sRt_hFRFzZ4AaABAg,9CGk2GpFDcQ,@parames-u4q,"R C  one ofthe Leader
 R. V Lion 
King maker",English,Neutral,0.8857,0
UgxlfEaENUxbYsi5XFV4AaABAg,9CGk2GpFDcQ,@mynushaik1168,వైస్ జగన్,Telugu,Neutral,0.7416,0
Ugz4b6RcsJD3c4lPQYV4AaABAg,9CGk2GpFDcQ,@ummaniravi4635,Ysrcp jagan party 1:57,English + Telugu,Neutral,0.7584,0
UgwMtlHEObKMCDgPFzV4AaABAg,9CGk2GpFDcQ,@GaikwaderannaGaikwade-r9p,Abbbbbaba enta podugundiranayana,English + Telugu,Neutral,0.7233,0
Ugw_3F5fUcOKuutLic14AaABAg,9CGk2GpFDcQ,@Aranya_reveivle23,Thankq sir,English + Telugu,Positive,0.7576,0
Ugzi4KMTNRy5S9441i94AaABAg,9CGk2GpFDcQ,@GaikwaderannaGaikwade-r9p,Raghav chaddanr mana politicaj leader,English + Telugu,Neutral,0.506,0
UgzSQtBXNpwBTSmIC114AaABAg,9CGk2GpFDcQ,@Voiceofgreenpen,Jagan mohan reddy,English + Telugu,Neutral,0.7968,0
UgxmZKWoEPl9_vovcRh4AaABAg,9CGk2GpFDcQ,@soul-p4p,విశాధన్ మహారాజ్ 👍👍👍,Telugu,Positive,0.5379,0
Ugy7d1Bg2GBATbgt08h4AaABAg,srdt2IXt-T0,@sunithahanampagu3247,O2 valla ku ekkade nudde vachenade,English + Telugu,Neutral,0.874,1
UgyUML8AzL00bQlkOMN4AaABAg,srdt2IXt-T0,@SusheeladeviKalagiri,"Super. అద్భుతం, అమోఘం.god bless you.",Telugu,Positive,0.9757,1
Ugyrp3lw_Mb2VI03BIp4AaABAg,srdt2IXt-T0,@iamsurya1908,అరేయ్ లంజకొడకా పచ్చి అబద్ధాలు చెప్తున్నాడు వ్యూస్ కోసం,Telugu,Neutral,0.7282,0
UgxxwaN2YrjX3erpHpZ4AaABAg,srdt2IXt-T0,@user-go4im8vj5u,Than Q  WOW 🙌🙌🙌 Great Salute!!! Yes Exactly!!! Good Morning!!! Have A Good  Successful Friday!!! Praise the Lord!!! ALL Glory & Praise 2 Him!!!  AMEN!,English,Positive,0.9908,0
UgxVOPULgR6CjoeEMt14AaABAg,srdt2IXt-T0,@SanjivaRao-x6u,Underground  stone  towns  belongs  to  stone  era.  Later on  next  generation  people  might  have  taken  shelter  in  those  stone  towns.  To  protect  themselves  from  the  enemies.,English,Neutral,0.9028,0
UgxJ8hpwanlyqdOrU6p4AaABAg,srdt2IXt-T0,@jayarajworld,అన్న నాకు తెలిసి భవిష్యత్తులో చాలా ఉపయోగపడుతుంది.❤,Telugu,Neutral,0.7507,0
UgxdnjtHkOdBrNNt_rl4AaABAg,srdt2IXt-T0,@GadgetPro-gx2fn,"ఏమీ  అయ్యింది


దయ్యం   వచ్చిందా 


ఏమీ


యేసయ్యా. .ప్రభు.

దేవుడు   శివుడు

అల్లాహ్  

ఏమీ  చేస్తున్నారు.

విల్లన్దరు...దేవుళ్ళు",Telugu,Neutral,0.7385,0
UgwLicpAgoTGRQt3pmV4AaABAg,srdt2IXt-T0,@RockerlineInf,Hi,English,Neutral,0.4641,0
UgzWHFvK-r6kgszQLXp4AaABAg,srdt2IXt-T0,@srinivasulugudipati1716,All in bible end times,English,Neutral,0.6707,0
UgzO6LMvZM0SjCk-XPN4AaABAg,srdt2IXt-T0,@MusthafaShaik-d4o,Very good information,English,Positive,0.9249,0
UgyCjz6akPYZnNDEmjR4AaABAg,srdt2IXt-T0,@JAGGAIAHRAYALA,ఎందుకు ఇంత పచ్చి అబద్దం చెపుతున్నారు. ఇటువంటి చందమామ కథలు ఇకముందు చెప్పకు,Telugu,Neutral,0.7519,0
UgzxYDYFRQAMA4MNTrp4AaABAg,srdt2IXt-T0,@dondapatianilkumar327,Latest Technology,English,Positive,0.802,0
UgxIWmQAGxly1kgaBFp4AaABAg,srdt2IXt-T0,@grskumar2023,Great Inspiration from Prairie Dogs Engineering 😊,English,Positive,0.9827,0
Ugx-GUQNwXKFGPGjHwJ4AaABAg,srdt2IXt-T0,@AchariSubhamma,. ట,Telugu,Neutral,0.8689,1
UgySaW3FBiHC0JPboD94AaABAg,srdt2IXt-T0,@AchariSubhamma,డ,Telugu,Neutral,0.624,0
Ugzft-MNWAakKdtPBzt4AaABAg,srdt2IXt-T0,@grreddy2531,12000 years ki mundu christ unnada foolish news,English + Telugu,Negative,0.6924,1
UgyIAPWQQ2zRAauKuDZ4AaABAg,srdt2IXt-T0,@DekkapatiNaresh,Excllent information.,English + Telugu,Positive,0.9561,1
UgyzBX-SuC1pHebQQSV4AaABAg,srdt2IXt-T0,@DekkapatiNaresh,Very go Good,English,Positive,0.9162,1
UgyZTYb_d_BVPYgCZvd4AaABAg,srdt2IXt-T0,@VinayKumar-jt8bz,Where does they do forming for food?,English,Neutral,0.8758,1
Ugz1n5ZLFZylMfDMFG54AaABAg,srdt2IXt-T0,@VENKATKAMESHRAGHAVAPUDI,అన్ని  వింతలు  విదేశాల్లో  మాత్రమే  జరుగుతాయి,Telugu,Neutral,0.7381,3
UgyIyEl8anwQTFsbjlp4AaABAg,srdt2IXt-T0,@GbalareddyGvr,Pathala lokamu iundachu,English + Telugu,Neutral,0.6921,1
Ugx7ddcnTStgIM-fZyJ4AaABAg,srdt2IXt-T0,@alphonesf,Amen,English,Positive,0.7225,1
Ugy9h4UgselNiIOSAeN4AaABAg,srdt2IXt-T0,@JaganmohankumarBalusula,Connected by shield Silva,English,Neutral,0.6988,1
UgyfR0T_xJm-VS9om314AaABAg,srdt2IXt-T0,@Kukudalashiva07Kukudalashiva07,Hi,English,Neutral,0.4641,1
UgwBqjnqIvmEPNErkC94AaABAg,srdt2IXt-T0,@SourapuJanardhan,సార్ నమస్కారం ప్రపంచంలో ఉన్న ప్రతి అండర్ గ్రౌండ్ స్వరంగా నిర్మాణ గురించి అందరికీ పుస్తక రూపంలో అందులో బొమ్మల రూపంలో చరిత్ర ఆధారంగా అందిస్తే బాగుంటదని ఆశిస్తున్నాను చరిత్ర ఎప్పుడు మరుగున పడద్దని చరిత్ర లేకపోతే భవిష్యత్తు లేదని మాతారానికిని మరి ముందు తరానికిని తెలియాలని తెలియపరచాలని వేడుకుంటున్నాను సార్ కృతజ్ఞతలు జనార్ధన్ నర్సంపేట వరంగల్ జిల్లా తెలంగాణ ఇండియా,Telugu,Neutral,0.7191,17
Ugzzmh2ixm98OVavV7d4AaABAg,srdt2IXt-T0,@SourapuJanardhan,సార్ నమస్కారం కింతటి చక్కటి వీడియో చూపించినందుకు హృదయపూర్వక కృతజ్ఞతలు ఇట్టి ఫోటోలు పూర్తి మేటరు నేటి భౌగోళిక మ్యాప్ తోటి ఆనాటి భౌగోళిక మ్యాప్ తోటి కొన్ని పత్రికలలో పేపర్లలో అనేక మ్యాగజిన్లో ఇస్తే బాగుంటది ఇంకా చదువుకొని మేము ఆసక్తి పెంచుకోవడానికి చక్కటి అవకాశం ఉంటది దయతో ఇలాంటి ఆర్టికల్స్ భారతదేశంలో అన్ని భాషల్లో కూడా ఉండాలని కోరుచున్నాను రాతపూర్వకంగా మరియు ప్రదేశాల బొమ్మల తోటి నేటి యువతరానికి విద్యార్థులకు అందించాలని కోరుచున్నాను,Telugu,Neutral,0.7104,12
UgzkCzTtwHs4FVqBsqx4AaABAg,srdt2IXt-T0,@Vikram-qq2fx,Human life is shit broooooo......,English,Negative,0.9407,1
UgyvSqbQvQpEgK-JHdR4AaABAg,srdt2IXt-T0,@RajeshMortha-p6j,Guru 2 times chusaa video super kaani anni years lopal unte food elaaa alaage light elaaa guru,English + Telugu,Positive,0.5393,2
Ugx2vtl0N2zpoGB-B_V4AaABAg,srdt2IXt-T0,@CheGuevara-tm8xe,టర్కీ అంటే తురక దేశము కాని అక్కడ చాల ప్రాంతాలకి శివుడు పెర్లు వుంటాయి,Telugu,Neutral,0.7416,1
UgzJUT-lAKD5pgNXBJ94AaABAg,srdt2IXt-T0,@anandtanuku9862,What about Hindus ? Tell about Indian technology.Father of science technology is in India.,English,Neutral,0.7724,2
UgzJGTv1PNOf1yUDXEF4AaABAg,srdt2IXt-T0,@addankihemalatha,"Nenu ilanti place ready cheyali ani anukunnanu
But gold to old cheyyali
Ante Teqnalogy use chesi oka rahyam cheyLi ani naa goal
Tq this video",English + Telugu,Neutral,0.8333,1
UgyZJTeP9Eb3ePKGovN4AaABAg,srdt2IXt-T0,@MadhuriChittreddy,"Nuvvu cheppevi annii nijamenaaa
Bhumi lopalaa konni years bhumilopalee jeevanamm
Okkati ordam kavdam leduuu clearitiii leduu
Years years lopalee vunteeee
Anta mandikiii food elaaa wine elaaa
Lofer naakodakaaa
Okay familyee 1 month kiii saripadaa food kosam nanaa tantaalu paduthunnaruu
Konni years bhumi lopalee vunteee tinadaniki food elaa raaa
Cleariii ledu
Elantii claritii lenii veideos Enduku raa
Lofer lanjaa kodaaa
Lagi leniii vedio",English + Telugu,Neutral,0.6538,0
Ugw-1DcqDqw0Gb5cy2R4AaABAg,srdt2IXt-T0,@YaswanthNothing_1,"Bro straight ga cheppachhuga ,sentences ni tippi tippi chebutunnav",English + Telugu,Neutral,0.71,1
UgzHVeX_bIbR5eBSntx4AaABAg,srdt2IXt-T0,@maruthiprasadvavilla4691,yes this type of life is available under sea also for details pl read a book named  abduction by Robin cook,English,Neutral,0.7181,1
UgzZFYQmbN_lh1MI1e14AaABAg,srdt2IXt-T0,@harinathlaxetti146,భూమి అంతా విస్తరించి ఉన్నది మొదటి నాగరికత మానవులు అయిన హిందూ నాగరికత మాత్రమే,Telugu,Neutral,0.7092,2
UgwiVjz_39vW_By4weV4AaABAg,srdt2IXt-T0,@murthy5796,"సినిమా కధ చాలా బాగుంది. కథ, స్క్రీన్ ప్లే, దర్శకత్వం ఎవరు ?",Telugu,Neutral,0.782,3
UgykyI1W4zWCffghqRt4AaABAg,srdt2IXt-T0,@chukkaraju7973,అబద్ధం స్టోరీ ఇది రియల్ కాదు,Telugu,Neutral,0.7593,4
Ugw1FsJKTBUbsZl-iKV4AaABAg,srdt2IXt-T0,@padamobulesu6129,అక్కడ ఉన్న గుర్తులు బైబిల్కు సంబంధం ఉన్నవే గమనించగలరు,Telugu,Neutral,0.7297,1
UgzjoRI71PAhC-QOChN4AaABAg,srdt2IXt-T0,@durofitness-miyapur,soo good information,English,Positive,0.9753,1
UgzOs2XbPWHfbr_AahR4AaABAg,srdt2IXt-T0,@vankayalafamily1552,From where they get their food items,English,Neutral,0.9114,2
Ugx3rDMlYB2WmWA-Jcp4AaABAg,srdt2IXt-T0,@RamChander-l8p,"Jai Janasena 
Jai BJP 
Jai Hindu 
Jai Hindustan 
Jai shri ram 
Jai Telugu knowledge",English,Neutral,0.5191,1
UgzdJaETKGsQwp-Fvct4AaABAg,srdt2IXt-T0,@yuvarajbashipangu523,"Not all the jews but only jews, building bunkers these days",English,Negative,0.5923,1
UgxmpywLwyK69hDN7Wt4AaABAg,srdt2IXt-T0,@DurgaPrasad-x5l,I love Telugu knowledge anna mana superstar Mahesh Babu life story video chay please ❤❤😊,English + Telugu,Positive,0.9582,2
Ugwen7MBEa9-phS1P854AaABAg,srdt2IXt-T0,@chiranjeeviraopasupuleti9107,"""Bangalore Palace"" is The most Security zone in the Universe🌌.",English,Positive,0.5728,1
Ugzc--kEHMi1VKjNYtR4AaABAg,srdt2IXt-T0,@gugulothnareshhsd,బాగున్నారా ❤️❤️♥️♥️,Telugu,Positive,0.8631,1
UgzqfK3IXsisB-a3wB14AaABAg,srdt2IXt-T0,@gugulothnareshhsd,హాయ్ అన్న ❤❤❤,Telugu,Positive,0.8908,1
Ugy9Rh4KgunJaAfEt5B4AaABAg,srdt2IXt-T0,@sowmyabujji6470,ఇది 100% ఇమేజినేషన్,Telugu,Neutral,0.5539,5
UgzsglOAWUdeCg6-wjV4AaABAg,srdt2IXt-T0,@pmr0111,నిజాలని ఎవడన్నాడు?😊,Telugu,Neutral,0.5692,2
Ugx28U6NXY_AbqZmgn94AaABAg,srdt2IXt-T0,@kumarimangilipudi2470,Is this story true,English,Neutral,0.8772,1
UgwsXLx1xGixE2DczEZ4AaABAg,srdt2IXt-T0,@udaykiranm3036,Chicken kurtis missing story....super,English,Neutral,0.5171,1
Ugz3LuWNzkw3lLVKXaF4AaABAg,jBeoNUWjUrQ,@Vinayaka-sr8pw,ప్రాణాధారం కాదు ప్రాణుల్ని అంతం చేసేది ఏ టెక్నాలజీ ఏది లేకపోయినా మనిషి జీవనం కొనసాగిస్తాడు భూమి మీద పచ్చని ప్రకృతిలో అభివృద్ధి పేరు డెవలప్మెంట్ పేరు టెక్నాలజీ పేరుతో భూమిని అంతం చేసే దిశగా అడుగులు వేస్తుంది ప్రపంచ మ్,Telugu,Neutral,0.694,0
Ugxnw2F5U1UlkttyRtl4AaABAg,jBeoNUWjUrQ,@kumarvemula8256,It's wonderful,English,Positive,0.959,0
UgzSPLxWdR8TiAi8nmB4AaABAg,jBeoNUWjUrQ,@P.Karthikeyan-m5x,Good information,English,Positive,0.8489,0
UgxdUPmEROXC9W8gOOJ4AaABAg,jBeoNUWjUrQ,@mukkujayaraju7433,Very nice informative vedio,English + Telugu,Positive,0.963,0
Ugx8zAghMYhjp0Y-s154AaABAg,jBeoNUWjUrQ,@AbbareddyVenkatanaresh,Sanudram leda,English + Telugu,Neutral,0.7167,0
Ugxepg537qco6X0XaB14AaABAg,jBeoNUWjUrQ,@LonelyHeart-f2d,Superb explanation,English,Positive,0.9099,0
Ugwm_YvLv3qTiuQlguZ4AaABAg,jBeoNUWjUrQ,@SinaiJannu,Crude Oil major resources in middle East zone not in china,English,Neutral,0.8468,0
UgxB5ULC5P_9jJ3-Lf54AaABAg,jBeoNUWjUrQ,@Sandhya-oq7io,Good information,English,Positive,0.8489,0
UgykCgQx2o9Lfu00W8F4AaABAg,jBeoNUWjUrQ,@vijaykumara8750,Informative Video 👏,English,Positive,0.91,0
Ugy06kr872Aqxf-u1F94AaABAg,jBeoNUWjUrQ,@Sunithakoonapureddy,Love u bro,English,Positive,0.9228,0
UgxZMnwzUlIZJbNUHjF4AaABAg,jBeoNUWjUrQ,@BSrinu-tp8fv,🙏👍🙏🇮🇳,Emojis / Symbols,Positive,0.9189,0
Ugx6WQidHnY4yCv3hO54AaABAg,jBeoNUWjUrQ,@ramrudra4438,👌🏻👌🏻👌🏻👌🏻👌🏻👌🏻👌🏻👌🏻👌🏻👌🏻👌🏻👌🏻👌🏻👌🏻👌🏻👌🏻👌🏻👌🏻👌🏻👌🏻,Emojis / Symbols,Positive,0.9524,0
UgxxNsaJBjOLTEm4eDl4AaABAg,jBeoNUWjUrQ,@VinodYadav79971,"వీడియో చాలా చాలా బాగుంది, చాలా బాగా వివరించారు మరియు Visuals Superb,
నేను ఫస్ట్ టైం YouTube lo video skip cheyakunda chususanu, Keep rocking brother❤️",Telugu,Neutral,0.7068,2
UgwA_dGpSPM7bMWK7-t4AaABAg,jBeoNUWjUrQ,@PrasadBabu-t1r,పాలు తేనెలు ప్రవహించే దేశాలు అరబ్ దేశాలు,Telugu,Neutral,0.7276,0
UgwCePxrx66KSFrnlF14AaABAg,jBeoNUWjUrQ,@KrishnaPrasad-zq9sm,నీ nayanamma nayanamma nayanamma వారి jejamma ఆమె jejamma ame father valla abbai valla ma gari jejamma ni దెంగుతే crude oil vachindi భూమిలో pichha naa ..kod...,Telugu,Neutral,0.7941,0
UgxDqBcqn9lhLPs0xJJ4AaABAg,jBeoNUWjUrQ,@GopiKumar-op7qn,"Sir,  Super info",English,Positive,0.9379,1
UgzwnAyatA9JXZL0KpZ4AaABAg,jBeoNUWjUrQ,@ARVINDJAISWAL-U4ZAKJ1958,NICE,English,Positive,0.7795,1
UgwfOQXr4Ck_AMucqPx4AaABAg,jBeoNUWjUrQ,@m.p.mohant.vitsmine3835,Good,English,Positive,0.6844,0
Ugz_0qv6SiS3zRUicTd4AaABAg,jBeoNUWjUrQ,@NagarajuRaju-u2p,Very valuable imprimation video ❤,English + Telugu,Positive,0.9634,0
Ugz-1uDEw8XDf54aard4AaABAg,jBeoNUWjUrQ,@VijjiKakileru,Good information 👍,English,Positive,0.9404,0
UgztpKtfwezwXFsMCI54AaABAg,jBeoNUWjUrQ,@DasuramaSwami,Ai ని అడిగా. Same మీరు చెప్పిన విషయమే చెప్పింది. You are right..,Telugu,Neutral,0.8008,1
Ugx_RGwG7cywcdYul6x4AaABAg,jBeoNUWjUrQ,@Sunilbuthkur,హైడ్రోజీన్  హెలినియo gurchi chebbandi,Telugu,Neutral,0.7342,0
UgyTvlvZIM9Ah8CeTxJ4AaABAg,jBeoNUWjUrQ,@sodisettisurendra1705,గ్రీన్ ఫీల్డ్ అయిల్ కూడా వస్తుంది బ్రదర్ మన దేశంలో కావాల్సినంత దొరుకుంతుంది అంటగా? దీనిపై కూడా ఒక వీడియో చేయండి,Telugu,Neutral,0.7602,1
UgwCi5Q6xjsBZyvB3RF4AaABAg,jBeoNUWjUrQ,@Sunilbuthkur,❤,Emojis / Symbols,Positive,0.8904,0
UgwPqwsLLuKsWdVE16Z4AaABAg,jBeoNUWjUrQ,@MsrRao-n2i,Nice video thank you andi,English,Positive,0.9787,0
UgyNTCfzGmsObvfcjlx4AaABAg,jBeoNUWjUrQ,@bandelaIQ-hx5gt,"దేవుడు వేల సంవత్సరాలు క్రితం మానవుడు భూమిపై అడుగు పెట్టకముందే దేవుడు ఈ భూమిలో మనిషికి కావలసినవి అన్ని అందులో ఉంచాడు, మనిషికి ఇవి అవసరం అని వేల ఏళ్ల క్రితమే వాటిని ఉంచాడు, మనిషి, రైలు, విమానం, bus, కారు, 2 వీలర్స్ ఇవన్నీటికీ ఆయిల్ ముందుగానే సృష్టికర్త సిద్దంగా ఉంచాడు మనిషి తన జ్ఞానం పెరిగేకొలది క్రమక్రమంగా జ్ఞానం అభివృద్ధి చెందే కొలది వాటిని మానవుడు ఉపయోగించడం మొదలు పెట్టాడు, ఇవ్వన్నటికి కోసం దేవుడు ప్రిప్లాన్ గానే వాటిని వేల సంవత్సరాలు క్రితమే భూమిలో ఉంచాడు, మనిషికి రకరకాలుగా, కాయగూరలు, ఆకుకూరలు, పళ్ళు, గింజలు, సముద్రాలూ, నదులు ఇవన్నీ సృహించాడు మనం దేవుని తెలుసుకోలేక పోతున్నాము, గుర్తించలేక పోతున్నాము అన్ని కనిపెడుతున్నాము దేవుణ్ణి కనుగొనలేకపోతున్నాము",Telugu,Neutral,0.7289,5
UgzzF2FeoxlvK9EtTvp4AaABAg,jBeoNUWjUrQ,@KINGCREATIONS8,Wrong information,English,Negative,0.68,0
UgybNz6OsD9cr9ZhEQ14AaABAg,jBeoNUWjUrQ,@bhaskarachaitanya5219,"Excellent demonstration, u can be a good movie director",English,Positive,0.9685,0
UgwTNQdbICGLG73YLg94AaABAg,jBeoNUWjUrQ,@raviboppana4989,Memu chinna pillalu ga unnapudu  parrot green   Scooter undedi I think chethak  anukunta  mammalni convent  lo drop chesi vallu school ki velle vallu,English + Telugu,Neutral,0.8583,0
UgzHE10uyKKAL5LkuPl4AaABAg,jBeoNUWjUrQ,@amcomputers-AP,నువ్వు మాట్లాడవు బాబిలోనియన్ గురించి కొంచెం ఈ ఫ్రెష్ బత్తాయి గళ్లకి చెప్పు బాబిలోన్ అంటే ఏంటో,Telugu,Neutral,0.742,0
UgxQa-n7SPEjlrgmNLZ4AaABAg,jBeoNUWjUrQ,@sap3aki,"wonderful topic  , appreciated your time and effort in bringing the quality content",English,Positive,0.9797,0
UgxY-xeCYcyDQUbS2pp4AaABAg,jBeoNUWjUrQ,@sairam4470,Super bro,English,Positive,0.856,1
UgysMJuahFcStR4h54l4AaABAg,jBeoNUWjUrQ,@hariharangupta2914,Super,English,Positive,0.6605,0
UgzTJyG5HYS90kA5eEV4AaABAg,jBeoNUWjUrQ,@villagefruitculture7706,Mobile ki crude oil ki eamsambandam bro oka saari explain chestava,English + Telugu,Neutral,0.7324,0
UgxeLTMhc1Re_l8Snel4AaABAg,jBeoNUWjUrQ,@naralaanand8321,దీపాలు వెలిగించు కోవడానికి గింజల నుండి తీసే ఆయిల్ ఉంది కదా నువ్వు నీ ఎదవ సోది...,Telugu,Neutral,0.7211,0
Ugyubfq8Df9D7ACt7Th4AaABAg,jBeoNUWjUrQ,@jagadeesanr6471,Super bro,English,Positive,0.856,0
UgzZ91nuzH2v3evXCfx4AaABAg,jBeoNUWjUrQ,@ramakrishnarajualluri1052,Good information,English,Positive,0.8489,0
UgxdCqiIdtE5WbavhfB4AaABAg,jBeoNUWjUrQ,@smallaiahcharisriramadasu6529,Bikes car's  bus battery tho nadusthayi ok ships 🚢 ships and 🛫 🛬 avi ela eguruthayi ?,English + Telugu,Neutral,0.8404,0
UgziET8WuzqaywGYNr54AaABAg,jBeoNUWjUrQ,@cknarasimhareddy5700,😮😮😮నమ్మబుద్ది కాలేదు.. But మీ వీడియో కోసం లైక్ కొట్టినా..... ఇనుము ఎలా తయారు చేశారో చెప్పలేదు..... వెదురు బుంగ తో 800 అడుగులు.....? 🤣🤣🙏🙏🙏🙏🙏,Telugu,Neutral,0.627,0
UgwRKcP0lqkKn4wjdJZ4AaABAg,jBeoNUWjUrQ,@KPratapReddy-t4x,Mundhu tharaaniki idhi vuntundhi ledho aa devudike thelusu andhuke yogamu bogamu inka rogamu adhi evvarini Eppudu emi chethadho vidhi ela adisthe ala adaale bro idhi thelusuko maanava ani anukuntunaaru ee video chusina janaalu loka samastha sukinobhava.,English + Telugu,Neutral,0.7321,0
UgyQoaM9bQCIjkSSVS94AaABAg,jBeoNUWjUrQ,@pedharajusiddiboina,"తమ్ముడు చిన్నప్పుడు చదువు కున్నవా ఈ కథ,",Telugu,Neutral,0.702,1
UgzeN6L1YC_DNcRnexV4AaABAg,jBeoNUWjUrQ,@lakshminarayana3993,👍👌💐💐💐🌹🌹🤝🤝,Emojis / Symbols,Positive,0.9726,0
Ugw6qSdgTjMb7f5XQq14AaABAg,jBeoNUWjUrQ,@hitchkock6678,"ee bhoomi meeda unde crude oil ipothe advantages and Disadvantages emito oka video cheyandi brother,mee explanation chaala baagundi",English + Telugu,Neutral,0.8321,0
UgxAsVo67BakuievIKJ4AaABAg,jBeoNUWjUrQ,@G.R.C.Murthy.Channel9174,మన భారత దేశంలో టాటా వాళ్ళు వాటర్ బేస్డ్ కార్లుపై పట్టు సాధిస్తున్నారు. ఇది భవిష్యత్తులో మరో కొత్త ట్రెండ్ అవుతుంది. ఆపైన ఇప్పటి మంచీ నీటి కరువు కంటే భయంకర యుద్ధాలు రావచ్చు.,Telugu,Neutral,0.7058,0
UgyehxeZxCSkfN0JEOB4AaABAg,jBeoNUWjUrQ,@Psr-zr7nv,అంతా వుత్తదే. ఎన్ని జీవరాశులు చచ్చిపోవడం వల్ల ఇన్నేళ్లు ఈ ప్రపంచానికి క్రూడాయిల్ దొరుకుతుంది.    అది గల్ఫ్ దేశాలలో నే చనిపోయేయా. బారతదేశ సముద్రాలలో ఎక్కడ చనిపోలేదా ఏమి చెప్తారు లే వినేవారు వుంటే. అది ఒక రకమైన ఖనిజం. అది అక్కడ నే దొరుకుతుంది. మన సింగరేణి బొగ్గు లాగా. అంతేగాని జీవరాశులు చనిపోతే వచ్చేది కాదు,Telugu,Neutral,0.7788,22
UgyCUYWYTiahMvKXZI54AaABAg,jBeoNUWjUrQ,@PSKlIXVI-2026hny,Good Info bro 🤘🙂🫰😎,English,Positive,0.973,0
Ugyyl5k2eKZ_utnP5Ix4AaABAg,jBeoNUWjUrQ,@PSKlIXVI-2026hny,😂https://youtu.be/WZNQyPhhSfo?si=1khfwCh2-FN2lbu7😊😮,English + Telugu,Positive,0.7758,0
UgzakDsh_tuW9cQd5p14AaABAg,jBeoNUWjUrQ,@chinnavulamahalakshmi2603,Supar,English + Telugu,Neutral,0.6748,0
Ugw3u_DbWqw0qBrx8114AaABAg,jBeoNUWjUrQ,@raviallu750,Great story 🎉,English,Positive,0.9759,1
UgxmbURJEHUGT5OoLnh4AaABAg,jBeoNUWjUrQ,@guduriraju3016,అతిగా వాడటం ద్వారా ప్రకృతి వినాశనం అవుతుంది.,Telugu,Neutral,0.7025,1
UgyT-w31C2-E_jCh5NR4AaABAg,oKnUDaV5Id0,@rajesh8639,"False news, CE and BCE ఏమిటి రా BC and AD, అబద్దపు న్యూస్",Telugu,Negative,0.6584,0
Ugw45z758T_zFxwGknd4AaABAg,oKnUDaV5Id0,@vhn8346,రాక్షస స్వభావులు వీరు కలియుగ రాక్షసులు,Telugu,Neutral,0.728,0
UgxgDExipuvRLDw5QrN4AaABAg,oKnUDaV5Id0,@arshadalisapa1784,"7:50  👉 Muhammad (PBUH) kuturini Abu Bakar marriage chesuko ledu 

Abu Bakr kuturu Ayesha, Ayesha ni marriage chesukundi Muhammad (PBUH)",English + Telugu,Neutral,0.9505,1
UgwKRcW3GZqvKiN5cxV4AaABAg,oKnUDaV5Id0,@anjaneyuluvemulakonda7620,అదిప్త్యం కోసం,Telugu,Neutral,0.7155,0
UgyMCgToagYdTgLiX7F4AaABAg,oKnUDaV5Id0,@hemanthn436,"World second kadu 
World dirtiest religion edey 😂😂😂",English + Telugu,Negative,0.823,0
UgwjmymO5vSBXv34DzV4AaABAg,oKnUDaV5Id0,@neninthe.01,"CASTES IN MUSLIMS:- 
Muslim General:-
Pathan

Rizvi

Sheikh

Siddiqui

Khan

Mirza

Kayasth

Sayyad

Bharsaiya

Bharso
2)OBC:-
Ansari

Behang

Chikwa

Dhuniva

Danzi

Guniya

Mansoori

Idrisi


Nai

Manihar

Darvesh

Badai

Kuraishi
3)DALITS:-
Bhatiyara

Fakir

Shah

Dafali

Nat

Halalkhor

Lalbegi

Badhai

Banjara

Dhobi

Ranki

Rangrez

Jogi

Mochi

Mukeri

Bakho

Bhisti",English + Telugu,Neutral,0.8825,0
UgyJO_IsYVS0ItA4DeB4AaABAg,oKnUDaV5Id0,@mdsadik9254,Delete the video it has false information,English,Negative,0.8605,0
UgzEGJbrPYkfrtPAYNF4AaABAg,oKnUDaV5Id0,@noulevittalrao1495,"ఈ ప్రసంగం లో తప్పు లు ఉన్నాయ్. అయేషా అబూ బకర్ కుతూరు ప్రవక్త ఆమెను అతి చిన్న వయసు 6 సంవత్సరాల పిల్లను పెళ్ళి చేసుకొని ఆ చిన్న పిల్ల ను అనుభవించిన్నాడు ఆ చిన్న పిల్ల తొ మగ సంతానం పొంది వారిని తన వారసులు చేయాలనీ అనుకున్నాడు. మొదట మీరు ఖురాన్, చరిత్ర ని చదివి వీడియో చేయాలిసింది",Telugu,Neutral,0.7651,0
UgxK82aadz0mZ1In8j54AaABAg,oKnUDaV5Id0,@JareenaShaik-vo3ij,Gabriel ani kadu tammudu jibril ani palakali ayana Allah pampina devadutha ayana,English + Telugu,Neutral,0.8273,0
Ugz8FqAz9opfgPFW5sV4AaABAg,oKnUDaV5Id0,@KaleshavaliShaik-l2k,2ముక్కలు కాలేధు 3కాలేధు విల్ల  కు రెండోపనిలేధు,Telugu,Neutral,0.7508,0
Ugw1rMp1IiqTsS4B-dN4AaABAg,oKnUDaV5Id0,@MalkigariKittu,"Islam Ante Matam Kaadu Adi oka Dharmam Peru. Muslim_Matam,Islam_Dharmam",English + Telugu,Neutral,0.8867,0
UgwYtV5804EhG7TQc414AaABAg,oKnUDaV5Id0,@NisarYT8,"Abubaker gari kumarthenu(Ayesha siddeqha) garini Mohd.Pravaktagaru pendli chesukunnaru meeru tappuga cheppayaru. Ali garu manalludu kadu chinna kumarudu(thammudu) & Alludu. Imam Hussain garu yazeed chese arachakalanu khandimcharu. Hussain garini mosapuritamga Shaheed chesadu yazeed.
 Khaleefa peru sariga palakandi. history telusukoni perlu sariga ucharinmchandi",English + Telugu,Neutral,0.8571,0
Ugy12aIGB4J_0gTFwc94AaABAg,oKnUDaV5Id0,@nisarnagri8697,మోహర్రం అంటే పన్డుగా కాదూ. షియా లకు సంతాప దినాలు. రా నాయన.,Telugu,Neutral,0.7465,2
UgyNfHtFx7zDk9JKSml4AaABAg,oKnUDaV5Id0,@Aakruthireadymades,Good explanation,English,Positive,0.7104,0
UgwSee-mjo811vOXpmR4AaABAg,oKnUDaV5Id0,@mirali667,Tappula tadaka video,English + Telugu,Neutral,0.7986,0
UgxTtul4gClpq5XfhNt4AaABAg,oKnUDaV5Id0,@shaikshabeena7062,చరిత్రలో కొన్ని నిజాలు మీరు చెప్పలేదు Ali మొహమ్మద్ ప్రవక్త మేనల్లుడు మాత్రమే కాదు తన కూతురిని చేసుకున్న అల్లుడు కూడా హసేన్ హుసేన్ మనవళ్ళు Ali చాలా ధైర్యవంతుడు యుద్ధంలో పరాజయమే లేదు,Telugu,Neutral,0.742,0
UgzgEN17nDRgQziyDSJ4AaABAg,oKnUDaV5Id0,@Gangadharamt17,ఇంతకీ భారతదేశంలో ఉన్న ముస్లింస్ ఎవరు షియా నా? లేక సున్నీ నా?,Telugu,Neutral,0.7395,0
UgzOVjn8q3c0MxyPFnh4AaABAg,oKnUDaV5Id0,@muhammedhussainali9994,Ayesha muhammad pravkta kuthuru kaadu abubakr kuthura sarichedukondi,English + Telugu,Neutral,0.8175,0
UgzyYDHGAT9I9zE_lTt4AaABAg,oKnUDaV5Id0,@GuddantiDurgamalleswarao-mv5go,శాంతి మతం అంటూ ఇస్లాం వారు ప్రపంచమంతా ప్రచారం చేస్తారు ఆ బతకమ్మ ఉన్న చోటల్లా హింసా అశాంతి రక్తపాతం,Telugu,Neutral,0.7171,0
UgzEft0kmEdW8XvyqmN4AaABAg,oKnUDaV5Id0,@hymavathikatragadda8798,oka vanda sarlu vinna confusien gane untundi,English + Telugu,Neutral,0.8467,0
Ugxc-tWpUsTmt_3cFjF4AaABAg,oKnUDaV5Id0,@shaikeliyas7641,"Information was wrong... Kindly delete this vedio... 

Daughter of Abubakar was married by Mohammed (You said in reverse way).",English,Negative,0.6465,0
UgzJlyZImZkohZ87tM14AaABAg,oKnUDaV5Id0,@ismailkhan-yb5fs,"ఇస్లాం ముక్కలవ్వడం ఏందిరా సామీ? ముక్కలైతే ఇద్దరు దేవుళ్ళు ఉండాలి గదా? అలా లేదే..ముస్లింలందరికే కాదు, ప్రపంచ మానవాళి మొత్తానికి దేవుడు అల్లాహ్ యే ! ఇస్లాం లోనే తలో దారిలో పయనిస్తూ చేరుకునేది అల్లాహ్ దగ్గరకే ! 
ప్రళయ కాలం వచ్చాక భగవంతుడు అల్లాహ్ యే అనుకుంటూ నోరెళ్ళబెడుదురు గానీ !!!",Telugu,Neutral,0.7252,0
UgzpHlLONQYHh3CcIU54AaABAg,oKnUDaV5Id0,@sreenivasaraokundula5964,Very good  information  sir,English,Positive,0.9347,1
Ugy7YjzbldlfY3-Zqch4AaABAg,oKnUDaV5Id0,@shaikkarimulla6592,సరైన అవగాహన లేక తప్పుడు కామెంట్లు చేస్తున్నారు. వారిని భగవంతుడే కాపాడాలి.,Telugu,Neutral,0.7174,0
UgzVDqiFL-RxGDfowKJ4AaABAg,oKnUDaV5Id0,@mabashagutti3209,are pandi telste Chepuu lekunte gudda mosku sagam telse sagam cheppaku,English + Telugu,Neutral,0.8578,0
Ugxx8hopEt-dBy06xTR4AaABAg,oKnUDaV5Id0,@kalluchinna8826,Please tell me sir how can you create this vedios,English,Neutral,0.8248,0
UgxTHQw4QDiMmqayHPN4AaABAg,oKnUDaV5Id0,@sdimamhasan1272,పాకిస్తాన్ లో మొదలైన చీలిక అమెరికా వార్డు చేసినదే ఎందుకని సుహాసిని విభేదం చిన్నదైనా అమెరికా వాడి వలన అది ప్రపంచవ్యాప్తంగా వ్యాప్తి చెందింది కాబట్టి ముస్లింస్ ఇప్పటికైనా బుద్ధి జ్ఞానం తెచ్చుకొని కలిసి ఉండడానికి ప్రయత్నం చేయాలని కోరుతున్నాము,Telugu,Neutral,0.7402,0
UgwE7r25MR2t-fmz4qN4AaABAg,oKnUDaV5Id0,@chirru1024,Islam spread avvataniki em chesaroo cheppatledu enti boss? 😂😂,English + Telugu,Neutral,0.7015,0
UgzldEFbSgh69Khqvy54AaABAg,oKnUDaV5Id0,@narendrapasalapudi5790,బ్రో ఇప్పుడు ఉగ్రవాదులు షియా నా సున్ని నా లేదా ఇద్దరునా,Telugu,Neutral,0.7416,0
UgzKHywy1_s0ko7rxpd4AaABAg,oKnUDaV5Id0,@chowdamshivajyothi455,"Muhammad (SAW) kuthuru AYESHA (RA) kaadu, Abu Bakr (RA) gari kuthuru AYESHA (RA). Aamenu Muhammad (SAW) gaaru marriage cheskunnaru. Idi basic info em video chesaro ento",English + Telugu,Neutral,0.9398,0
UgzKHLsUiDxyW1PhWYt4AaABAg,oKnUDaV5Id0,@valicma8335,Bro 7:57 info is wrong,English,Negative,0.8461,0
UgzJywW9WcmlegdYaOl4AaABAg,oKnUDaV5Id0,@tejashkaarthi1899,Very thanks for ur useful info brother,English,Positive,0.9614,0
UgyoFv7l6xIQJl_HCNF4AaABAg,oKnUDaV5Id0,@syedmehboobpasha,Ni video lo chala tapulu unnai pravakta garu unnapude 4khalifalanu prakatincharu,English + Telugu,Neutral,0.8018,0
UgwE_lb-AHKsiCyK7Wd4AaABAg,oKnUDaV5Id0,@GouseJani-k8w,సొల్లు,Telugu,Neutral,0.7298,0
UgzKfFBi4mK8Cu9PQyV4AaABAg,oKnUDaV5Id0,@srsardar3967,మహమ్మద్ ప్రవక్త కూడా ఖురేషి తెగకు చెందిన వారు,Telugu,Neutral,0.7303,0
UgwZvjgQ-vuL4-wSSIt4AaABAg,oKnUDaV5Id0,@rameshkumarpatha9874,Arey lafoot ga valla kalifa landharini valle champesaru ani cheppe  dairyam ledu neeku,English + Telugu,Neutral,0.7957,0
Ugz-o9eXOFUfPqSLiJB4AaABAg,oKnUDaV5Id0,@ravik-b5s,Cristian and Muslim story polikalu dagaraga vunaye,English + Telugu,Neutral,0.8752,0
Ugyq7dhWGhK4frAPtAR4AaABAg,oKnUDaV5Id0,@shivaram9000,ఖురాన్ లో ఎక్కడ షియా లు సున్ని లు లేదు చదువుకో అప్పుడు వీడియో  చెయ్ knowledge ఉండాలి,Telugu,Neutral,0.7756,0
UgxO7SzZNNjyFwkwJZR4AaABAg,oKnUDaV5Id0,@safdarali5131,Bro half knowledge tho ee video chesinattu unnav yakkada nundi gather chesav information ni sunni shia la gurinchi tappulu cheptunnav Ali and valla family yeppudu padavi kosam asinchaledu sunni scholars and shia scholars ni kalisi information gather chesi video chei bro,English + Telugu,Neutral,0.8229,1
Ugyluo9bFzNZqzNKbG14AaABAg,oKnUDaV5Id0,@natureguide001,Very Good Information with clear narrations. Great Video.,English,Positive,0.9807,0
UgybRMtalWIMJNYPUqN4AaABAg,oKnUDaV5Id0,@456you,Is there any use to human society ?,English,Negative,0.6057,0
UgwlfiionunPYVQB8fV4AaABAg,oKnUDaV5Id0,@Vikram-qq2fx,Religion of shit !,English,Negative,0.9253,0
UgwioJVaBA9n2h6I7cB4AaABAg,oKnUDaV5Id0,@srinivasrao2036,Nuvvu thopu bro ❤,English + Telugu,Positive,0.8329,0
UgyXO8tqH1m1gjVBhgZ4AaABAg,oKnUDaV5Id0,@beemapollaeswappa1326,Good information,English,Positive,0.8489,0
UgxPXtpcv8c0e2DHzHd4AaABAg,oKnUDaV5Id0,@YallaGovindarao,Good good good,English,Positive,0.9044,0
Ugxa-pUj-pcahlDwvDN4AaABAg,oKnUDaV5Id0,@YallaGovindarao,గుడ్ గుడ్ information,Telugu,Neutral,0.8417,1
UgwUYhYGjPjhiA2ccxt4AaABAg,oKnUDaV5Id0,@nageswararaoabbavaram3171,బాగా చెప్పావు బ్రో. షియా సున్నీ ల మీద ఒక కనీస అవగాహన ఇచ్చావు.,Telugu,Neutral,0.7705,1
UgyMHM37Z9x99Cf1iet4AaABAg,oKnUDaV5Id0,@MrBfasridhar,Nice  information  thank you 🙏,English,Positive,0.9721,0
UgwYarS9P3cfNKrdymN4AaABAg,oKnUDaV5Id0,@mallammuzeeb5197,50% wrong,English,Negative,0.8233,0
UgzwDL4gTLrGZECBR954AaABAg,oKnUDaV5Id0,@prasadraoketa5673,విశ్వం అంతా సనాతన ధర్మం ఒక్కటే మార్గం తమరు ఒక కథను తయారు చేసినావు,Telugu,Neutral,0.7096,2
Ugz9vRPtMisWDAPlu4J4AaABAg,U5AVG_UEmwY,@AnjiAnji-fm4uj,"Isarel, and Russia🤝🤝🤝🙏🙏🙏",English + Telugu,Positive,0.7653,0
UgyJXZP_lSQ7zblD1dx4AaABAg,U5AVG_UEmwY,@venuduppada2058,Russia isreal ❤❤❤,English + Telugu,Positive,0.9218,0
UgyWLoBsJWhsbrOOHjZ4AaABAg,U5AVG_UEmwY,@RAJAHMUNDRY......,Japan singapore israel above all BHARAT,English,Neutral,0.7735,0
UgzgRsKdk5WSL2Np8T94AaABAg,U5AVG_UEmwY,@dayammadhusudhanarao1990,"I like after India 
USA",English,Positive,0.7993,0
UgyMvUmv4XETeqglnJ54AaABAg,U5AVG_UEmwY,@dayammadhusudhanarao1990,"మన దేశ (RSS)నాయుకులు యువత ను దొంగ ఓటర్ల ను, మతోన్మాదులు గా తయారు చేస్తుంది.",Telugu,Neutral,0.7334,0
UgyftvXj6Cjo_8thBsF4AaABAg,U5AVG_UEmwY,@NagaRajuPeddada-e1i,Ishral vs Russian,English + Telugu,Neutral,0.8586,0
UgznTQypPh8DGIYEqMV4AaABAg,U5AVG_UEmwY,@NagaRajuPeddada-e1i,Ishral vs Russian,English + Telugu,Neutral,0.8586,0
UgwF4W71ix8BOgIQTv94AaABAg,U5AVG_UEmwY,@NagaRajuPeddada-e1i,South Korea,English,Neutral,0.8305,0
UgxCcbvqn59e7nIVB4R4AaABAg,U5AVG_UEmwY,@thomas79-13,India,English,Neutral,0.6223,0
Ugxg65kVdinwqnaIH854AaABAg,U5AVG_UEmwY,@thomas79-13,Israel,English,Neutral,0.6345,0
UgzDlIxkoV40Uq-UwBh4AaABAg,U5AVG_UEmwY,@arjalaeswar8101,Israel,English,Neutral,0.6345,0
UgzqzbI99sno5a15ONp4AaABAg,U5AVG_UEmwY,@nrdineshkumar668,Isarel❤❤❤❤,English + Telugu,Positive,0.9642,0
UgwhQkOB3UVFDHlQiKB4AaABAg,U5AVG_UEmwY,@ManassehVardhanapu,"షలోమ్! 
The USA = Israel (Manasseh Tribe = Genesis 28:14; Deut. 48:15-21; Acts 4:27-28; Daniel 4:32). Those who degraded the President of the USA (Israel – Genesis 12:1-3; 27:29; 22;17) and the Policies of the POTUS will be punished by the Creator Yahweh because the Creator is punishing the ENEMIES OF Israel and the USA. Iran will be decimated certainly according to Genesis 12:1-3; 27:29; Numbers 23:24; 24:7-9; Zechariah 12:1-9, 3:8; Zephaniah 3:20; Isaiah 54:17. Yahweh is punishing Israelis because of Idol worship (Judges 2:1-5). Russia will be crushed if it enters in the War against Israel and the USA (Deuteronomy 33:13-17; Genesis 28:14).
పాలస్తీనాను అహ్రాహము వారి సంతానానికి సృష్టికర్త యావే వారు 2246 బిసి లో, 2211 బిసి లో వాగ్దానము చేశారు (ఆదికాండము 11-20వ అధ్యాయాలు చదవండి). www.yhwhcalendar49.com లో JEWISH HISTORY లో చూడండి. కావున ఏ ప్రజలు లేదా ఏ దేశం అయితే ఇశ్రాయేలును శపిస్తారో, ఆ ప్రజలు లేదా దేశం శపించబడుతుంది (నాశనం చేయబడుతుంది, మొదలైనవి) (ఆదికాండము 12:1-3; 17:1-7, 15-16, 20, 22:17; 24:60; 27:29; సంఖ్యాకాండము 23:24; 24:8-9; ద్వితీయోపదేశకాండము 33:13-17 + ఆదికాండము 49:22-26 (UK మరియు USA); ఆదికాండము 48:16-19 (ప్రపంచవ్యాప్తంగా ఉన్న ఆంగ్లేయులు = ఆదికాండము 28:14); జెకర్యా 2:8; 12:1-9; యెషయా 54:17; జెఫన్యా 3:20). ఉదాహరణకు: సద్దాం, గడ్డాఫీ, లాడెన్, హమాస్, హిజ్బుల్లా, ఇరాన్. కాబట్టి, ఇరాన్ (ఇరాన్ ప్రజలు, రష్యా మరియు చైనా ఆయుధాలు మొదలైనవి) త్వరలోనే నాశనం చేయబడుతుంది. గమనిక: విల్లు (Bow) = యావే (Yawe) చేత ఆశీర్వదించబడిన వైమానిక దళం (Airforce) (ఆదికాండము 49:22-26). ప్రథమ కుమారుడు (Firstborn) = మనష్షే = USA (ద్వితీయోపదేశకాండము 33:17). ఎద్దు కొమ్ములు = దేశాలను జయించడం లేదా నియంత్రించడం (ద్వితీయోపదేశకాండము 33:17). కొమ్ములు = సైనిక శక్తి (ద్వితీయోపదేశకాండము 33:17). కాబట్టి, USA మరియు ఇశ్రాయేలును ఎవరూ ఓడించలేరు. క్రీ.పూ. 1400 నుండి క్రీ.శ. 2100 వరకు జరిగిన విగ్రహారాధన కారణంగా యావే దేవుడు ఇశ్రాయేలును తీవ్రంగా శిక్షించాడు. క్రీ.శ. 2136కు ముందు మరియు క్రీ.శ. 3136 తర్వాత, యావే దేవుడు దుష్టులందరినీ శిక్షించబోతున్నాడు. రోమన్ సామ్రాజ్యం (EU = క్రీ.శ. 2132 - క్రీ.శ. 2136) యావే చేత నాశనం చేయబడిన వెంటనే (ప్రకటన గ్రంథము 11:1-19; 12:1-17; 13:1-18), యూదు మెస్సీయ వచ్చి క్రీ.శ. 2136 నుండి క్రీ.శ. 3136 వరకు ప్రపంచాన్ని పరిపాలిస్తాడు. భవిష్యత్తులో, ఇరాన్, ముస్లిం దేశాలు మరియు మిగిలిన ప్రపంచాన్ని ఓడించగలిగేది కేవలం ఇశ్రాయేలు మాత్రమే. ఇశ్రాయేలులో ఉన్న విగ్రహారాధకుల కారణంగా ఇశ్రాయేలు కొంతమేర విధ్వంసానికి గురైంది (నిర్గమకాండము 23:32-33; 20:4; న్యాయాధిపతులు 2:1-5; 3:1-8; ద్వితీయోపదేశకాండము 12:1-5, 29-32; 13:1-18; నిర్గమకాండము 34:12-17; 23:24). So, the USA = Israel (Manasseh Tribe = Genesis 28:14; Deut. 48:15-21; Acts 4:27-28; Daniel 4:32) మరింత సమాచారం కోసం: www.yhwhcalendar49.com మరియు www.apostolicfoundation.com",Telugu,Negative,0.4997,0
Ugym81OZ6CF3PpcXB854AaABAg,U5AVG_UEmwY,@dasariyellamanda811,My intrested country is israel,English,Neutral,0.5287,0
Ugy2geibIZfhh5wt-M94AaABAg,U5AVG_UEmwY,@MorchaRaju,Prayer 🙏🙏🙏,English,Positive,0.7119,0
UgxLWcWp7ogP1w0kCUZ4AaABAg,U5AVG_UEmwY,@vijaysuresh952,Israel Very powerful country in the world 🎉🎉🎉,English,Positive,0.9832,0
UgwwhikDCtleZ6faHah4AaABAg,U5AVG_UEmwY,@solomonrajuedupuganti,Israel,English,Neutral,0.6345,0
UgzBKOp8HnqgVywL0Qd4AaABAg,U5AVG_UEmwY,@eliahmaduri88,Israel,English,Neutral,0.6345,1
UgzgpkfuBNzRvwGgagB4AaABAg,U5AVG_UEmwY,@BalajiVuppu,Rassia,English + Telugu,Neutral,0.7247,0
Ugy6nAd1zls9SpK92CF4AaABAg,U5AVG_UEmwY,@hemash4301,isarayel   india❤,English + Telugu,Positive,0.8771,0
Ugx79icjMhZp_1s40Od4AaABAg,U5AVG_UEmwY,@BadullaOdeti,"పేసర్ అమ్మి మనుషుల కి చంపినప్పుడు ఏంది ఉగ్ర కాదా మీడియా 🤡 మీద కూడా,🤡🤡🤡",Telugu,Neutral,0.7452,0
UgwqAbo0mLaGqSqylF54AaABAg,U5AVG_UEmwY,@BadullaOdeti,😂ఇస్రేల్ spy CHESI దొంగతనం తొ యుద్ధాలు చేస్తే గొప్ప టాలెంట్ 😂 కానీ అదే వేరే ఎవరైనా చెస్తే ఉగ్ర ఉగ్ర ఏంది రా మీడియా 🤡,Telugu,Neutral,0.7228,0
Ugy7q-i8OpvKcZJfEWl4AaABAg,U5AVG_UEmwY,@BadullaOdeti,😂😂 అమెరికా లేకుండా ఉంటె ఇప్పటికే అంత అస్సాం,Telugu,Neutral,0.6773,0
UgyxpeGzjbAs3xb8XCN4AaABAg,U5AVG_UEmwY,@sridharsannikanti,Devudu asirvadhichins janangan yudulu,English + Telugu,Neutral,0.7952,0
Ugxh6GbznH3UkmPwVb14AaABAg,U5AVG_UEmwY,@KrishnaraoKathila,Russia🎉🎉🎉,English,Positive,0.9695,0
UgwN09O-vGD1FEPvlIN4AaABAg,U5AVG_UEmwY,@ranishskr4032,"ఇండియా తర్వాత ఇష్టమైన దేశం రష్యా, ఇజ్రాయెల్.",Telugu,Neutral,0.719,0
UgzWYih3SkYekpJoDHx4AaABAg,U5AVG_UEmwY,@RavinathSingh-c8o,Russia and isarel ❤❤❤❤❤,English + Telugu,Positive,0.9674,0
UgyPDQp_VQesB2nnqyR4AaABAg,U5AVG_UEmwY,@godisgiftdiamondsstonessal5140,ఇజ్రాయిల్ దేశం అంటే దేవుడిచ్చిన అద్భుతమైన శక్తి ఇజ్రాయిల్ అంటే నాకు చెప్పలేనంత❤❤❤❤❤❤❤🙌🙌🙌🙌🙌🙌👑👑☝️💯💯💯💯💯💯💯🙏🙏,Telugu,Neutral,0.7315,0
UgwBh1dBxz870wcZbSF4AaABAg,U5AVG_UEmwY,@NambakaVasantha-jk7cs,Israel Russia,English,Neutral,0.6087,0
UgyBT5gFIGiHoThpEzV4AaABAg,U5AVG_UEmwY,@venutvn,Is rail,English,Neutral,0.6218,0
Ugwzo_WfFQMvWlz9D1F4AaABAg,U5AVG_UEmwY,@RamanaMutta-p7t,Ijrail the greate 👍,English + Telugu,Positive,0.8137,0
UgxaPcdFHuTkSXnJ5Dh4AaABAg,U5AVG_UEmwY,@bhaskararaob6732,Good information thank you brother,English,Positive,0.9621,0
Ugxik68cCuPr2UblsGx4AaABAg,U5AVG_UEmwY,@sriramabookstallkalyan5035,Only Isral,English + Telugu,Neutral,0.6763,0
UgyJ7uBfXQ_vJn1Xz1l4AaABAg,U5AVG_UEmwY,@seethasaka9647,Israel,English,Neutral,0.6345,0
UgwTVIDmetKuD3NVUi94AaABAg,U5AVG_UEmwY,@sonusmiley5171,వాగ్దాన భూమీ ఇజ్రాయెల్ 🥰❤️❤,Telugu,Neutral,0.7404,0
UgwJ1LpXjHRMuttpIwR4AaABAg,U5AVG_UEmwY,@rangaiahkasukurthikasukurt4017,Ilike Israel.,English + Telugu,Positive,0.637,0
Ugw9JktwqLeTtzoSQLx4AaABAg,U5AVG_UEmwY,@satyamgollapalli6480,2nd రష్యా నా ఫేవరెట్ 😂😂😂,Telugu,Neutral,0.7784,1
UgxoF4eViiafX7-BCAp4AaABAg,U5AVG_UEmwY,@SirishaDevarapalli-n2h,Naku chala eastam isreal❤❤❤❤❤,English + Telugu,Positive,0.9438,0
UgyFrmox2LpAbBYu3nJ4AaABAg,U5AVG_UEmwY,@malleshyadav7749,Bharat,English,Neutral,0.6628,0
UgxfzPb0hJ9AEHIr5n94AaABAg,U5AVG_UEmwY,@nagavaramradika4321,Mana engineers o 5000 petti projects konukkuni submit chestharu,English + Telugu,Neutral,0.7234,0
UgzYxya-gdqjBDyE8ZN4AaABAg,U5AVG_UEmwY,@krupatimothy7473,Russia israel america,English,Neutral,0.6027,0
UgynSpsJo-JXyhHLgB14AaABAg,U5AVG_UEmwY,@k.aravind_kakoj2640,"మన ఇండియా తర్వాత నాకు నచ్చిన దేశాలు...........
1.రష్యా
2.ఇజ్రాయేల్

అంతే,,, ఇంకేమి లేవు........!!!",Telugu,Neutral,0.7129,0
UgxDzsO8WCbglTej_i54AaABAg,U5AVG_UEmwY,@Aivideos_233-x8z,isrel,English + Telugu,Neutral,0.6246,0
UgyuHsHPHPAp3CwC0Zd4AaABAg,U5AVG_UEmwY,@surendergoud6854,Israel,English,Neutral,0.6345,0
UgwXEcW9PwOh8F78FQp4AaABAg,U5AVG_UEmwY,@rayhangaming0056,israel can do wars with only small nations.....,English,Negative,0.7723,0
Ugy1uuEDRDxRdQgmwGJ4AaABAg,U5AVG_UEmwY,@somarajusomaraju1153,I ❤isreal,English + Telugu,Positive,0.7954,0
UgxpKt43BXloYG8MZIB4AaABAg,U5AVG_UEmwY,@hanumanthuhanumanthunayak4566,Naku estamaina Desam Israel vakasari pariyatana cheyalani 15 years kala vakasari velalani undi,English + Telugu,Neutral,0.8151,0
Ugzxq4OE-RO4VhFtV4x4AaABAg,U5AVG_UEmwY,@ArjunKumar-kd3ij,Israel 🇮🇱🇮🇳🗿,English,Neutral,0.5683,0
Ugw58CtEZSgJ_eVcD5N4AaABAg,U5AVG_UEmwY,@mutyalanaveen-n5v,ISRAE GOOD,English + Telugu,Positive,0.811,0
Ugwoa7bUvVCZ4pLm0Cp4AaABAg,U5AVG_UEmwY,@Shankarbashaboina6297,Isarail,English + Telugu,Neutral,0.7313,0
UgwwMird873GVD6cZKR4AaABAg,z9HWbCBDKPk,@teluguknowledge42,"Check out more details about TATA NFO👇
https://tinyurl.com/39xpscke",English + Telugu,Neutral,0.8474,2
UgxPSWNCgQ36Uqld0uB4AaABAg,z9HWbCBDKPk,@TheBusinessmanTheBusinessman,థాంక్యూ వెరీ మచ్ ఫర్ ద వీడియో భయ్యా. బికాస్ నేను ఇదే కంపెనీలో ఏజెంట్ గా పని చేస్తున్నాను. ఇందులోని మరో రెండు మూడు పాలసీస్ గురించి కూడా క్లియర్ గా ఒక 20 మినిట్స్ వీడియో చేస్తారని ఆశిస్తున్నాను. థాంక్యూ 👍🙏,Telugu,Neutral,0.7456,1
Ugz1OATkXBSoG41w-cR4AaABAg,z9HWbCBDKPk,@SamratSandeep-r2r,Nenu kadata repu,English + Telugu,Neutral,0.8668,0
UgxBedGRR5es4xyUOwl4AaABAg,z9HWbCBDKPk,@KAVITHAMAHI-r4o,👌👌👌🙏🙏🙏,Emojis / Symbols,Positive,0.9306,0
UgwLYcChvjLcy1v2ie54AaABAg,z9HWbCBDKPk,@ch.shivaji93,Yes 💯 correct,English,Positive,0.895,0
Ugytnk-P8TqPB7XBgnl4AaABAg,z9HWbCBDKPk,@srikaranmaharaj7536,Supar Tata AIA,English + Telugu,Neutral,0.859,0
Ugy7GQ5-pxpA1HDCo_p4AaABAg,z9HWbCBDKPk,@sivakishoreGowda,TATA ante Bye Bye 👋🏻 😅,English,Neutral,0.6869,0
UgxdtsS-u13eCoPJhVx4AaABAg,z9HWbCBDKPk,@SaipanguluriPanguluri-ux7ws,Atqi ahmed video chaye anna,English + Telugu,Neutral,0.8656,0
UgyyYxDbradZ4u2EIkh4AaABAg,z9HWbCBDKPk,@naturalvideos1527,Manchi information 🎉🎉,English + Telugu,Positive,0.9564,0
UgzYb3JL2V7Mjemxl4x4AaABAg,z9HWbCBDKPk,@pradyumnaapuru4350,Please get a information about 2002 Gujrat issue,English,Neutral,0.7631,0
UgyJHE9H5N899WRivnN4AaABAg,z9HWbCBDKPk,@harshamuppalla9561,రతన్ టాటా గారి లేగసీ ని కంటిన్యూ చేస్తారా...,Telugu,Neutral,0.765,6
UgzU_1E1N1Ta3w93rjl4AaABAg,z9HWbCBDKPk,@channaraonayudu,Pastu meru video cheyandi aatavathya nanu lake kodathanu,English + Telugu,Neutral,0.8204,0
Ugw3Bj5PZsBF7qZs7XR4AaABAg,z9HWbCBDKPk,@channaraonayudu,Mallu bhatti vikramaraka 1 story video pleasu me,English + Telugu,Neutral,0.8657,0
UgzsN-v7O4e-8XEIApZ4AaABAg,z9HWbCBDKPk,@BangaloreBoomers,Waste of money,English,Negative,0.7434,0
Ugx4q2CB5V0wZ0Oyb7J4AaABAg,z9HWbCBDKPk,@sathishdhulam96,I LOVE TELUGU KNOWLEDGE FOREVER BRO ❤️,English,Positive,0.9762,2
UgwQotZDTNng0l7pQ4V4AaABAg,z9HWbCBDKPk,@myreal.life94,హాయ్ అన్న,Telugu,Neutral,0.7645,0
Ugxf1wMQRLW2TqQ4_tx4AaABAg,z9HWbCBDKPk,@sunilponnam2023,Me videos baguntai ❤,English + Telugu,Positive,0.6045,1
Ugw7HmNbJXTA6cl_Ez54AaABAg,OUu3vpWCPms,@teluguknowledge42,"The Troy & Odyssey Trailer : https://youtu.be/FQwEd3zwr_g

Episode 1 : క్రిస్టోఫర్ నోలన్ ని భయపెట్టిన కథ... : https://youtu.be/u7aL6WX9yVU

Episode 02 : గ్రీకు పురాణాల్లో భయంకరమైన రోజు! : https://youtu.be/swsMRuHOXsw

Episode 03 : ఒక అబద్ధం... ఒక గుర్రం...   : https://youtu.be/LAhpdk5O2kE

Episode 04 : దేవుడితోనే పంతం...ఒక్క మాట ఆ రాక్షసుడిని ? :https://youtu.be/PgtUuQZFE3A

Episode 05 : సొంత మనుషులే వెన్నుపోటు పొడిచారు... : https://youtu.be/Q-scl3xYowo

Episode 06 : ముసలి కుక్క కన్నీళ్లు... భార్య పెట్టిన టెస్ట్ : https://youtu.be/OUu3vpWCPms",Telugu,Neutral,0.9202,7
Ugx7qoDOdev4YvbHVeV4AaABAg,OUu3vpWCPms,@ravirenu6153,"చాల బాగుంది మీరు చెప్పిన స్టోరీ 
   the Odyssey movie కోసం Wait చేస్తున్న",Telugu,Neutral,0.7112,0
UgwFkjT2WMeZFuVl9EF4AaABAg,OUu3vpWCPms,@yellapuvijaykumar9010,Trozan war,English + Telugu,Neutral,0.5418,0
Ugx-LpcG_lqj5jnkLqh4AaABAg,OUu3vpWCPms,@giduthurithrimurthulu9193,ఇంకొక స్టోరీ చెప్పండి. చాలా అద్భుతంగా ఉంది.ఒక హాలీవుడ్ సినిమా చూస్తున్న ఫీలింగ్ వచ్చింది.,Telugu,Neutral,0.7985,0
Ugx9BUeY_tfORVk0UHd4AaABAg,OUu3vpWCPms,@rekhareddy4437,Wowwwww bagundhi bro 😢🎉,English + Telugu,Positive,0.9698,0
UgySCLIGEcK4YYHt6q94AaABAg,OUu3vpWCPms,@revmnpaul,విల్లంబుల సీన్ చూస్తే రామాయణంలో రాముడు సీత స్వయంవరం గుర్తొస్తుంది,Telugu,Neutral,0.7458,1
Ugyl0PGz-eN0Q7M7J294AaABAg,OUu3vpWCPms,@ShilpaNunavath-sc9es,"Ur voice 
The story
Everything is perfect 
I really admire your every video
Hats off sir definitely u and your team will rule social media 😎🫡🤞👍",English,Positive,0.9837,0
UgydvjM9LSW2NxW03WZ4AaABAg,OUu3vpWCPms,@njpramyapavani2562,చాలా వివరంగా కళ్ళకి కట్టినట్టు వివరించారు thank you మాకు చిన్నప్పుడు trozon war అనే lesson చదివాం అదే ఇది,Telugu,Neutral,0.7084,0
UgzrJKlS5BrOejPRNdp4AaABAg,OUu3vpWCPms,@pradeepworld6013,Super ....and great. Efforts & hard work 🎉,English,Positive,0.9864,0
UgxK1siAvE8fIxogJoZ4AaABAg,OUu3vpWCPms,@MuraliGolla-xm3mt,😂😂,Emojis / Symbols,Neutral,0.5605,0
Ugwi_KKfGLt3gQOUeoN4AaABAg,OUu3vpWCPms,@prakashmannam2038,excellent anna,English,Positive,0.9651,0
Ugx-kYVCyL4V-_97rch4AaABAg,OUu3vpWCPms,@bhashatelugubhashatelugu1006,బ్రో ఇంకా గ్రీకు లో chala వున్నాయి చెప్పండి hercules,Telugu,Neutral,0.7546,0
UgybBV5HEzKhFgKwzrp4AaABAg,OUu3vpWCPms,@ragalkiran,"Adbhutham Brother...

Mee efforts and pain ki khodos 🫡",English + Telugu,Neutral,0.5535,1
Ugyi9Hi6tXamKNHZ2lV4AaABAg,OUu3vpWCPms,@gugulothnareshhsd,Bagunara ann 😊😊😊,English + Telugu,Positive,0.9439,0
UgzdbAa09k09gRXYKKF4AaABAg,OUu3vpWCPms,@gugulothnareshhsd,Hi Anna 👋👋,English,Positive,0.7216,0
Ugzpzq15G_KGqScOly14AaABAg,OUu3vpWCPms,@hanumathrao6273,Next em video chesthav bro waiting ❤,English,Positive,0.9222,0
Ugz4v35mcwuWeiO-bi54AaABAg,OUu3vpWCPms,@ravindrabitragunta7677,"Christopher Nolan ""The Odessy movie lo entha varaku e story ni choopistharu bro 
May be sequels ravocha",English + Telugu,Neutral,0.8216,1
Ugy03adlnoJDtoAzfzt4AaABAg,OUu3vpWCPms,@Dhanushkumar_005,🙌🙌🙌🙌,Emojis / Symbols,Positive,0.9532,0
UgwfnF8LGp2z1DX7vK54AaABAg,OUu3vpWCPms,@manistar9071,15:29 😂😂😂 వాళ్ళిద్దరు తెలిసిన దాన్ని ప్రపంచానికి తెలియ చేసిన 😅😅😅😅 తెలుగు నాలెడ్జ్,Telugu,Neutral,0.7319,2
Ugxp0TA0MC3YrdTgrF54AaABAg,OUu3vpWCPms,@knownperson137,"5:30  konchem aa imitation voice maney bro,assal baledu mamulgane cheppu",English + Telugu,Neutral,0.8488,1
UgzbqIRjDBjyP_HTidd4AaABAg,OUu3vpWCPms,@NarayanaTulluru,సూపర్ బ్రో ఇలాంటి పురాతన స్టోరీస్ ఇంకా చేయండి చాలా అబ్దుతంగా ఉంది,Telugu,Neutral,0.757,3
UgxIT8fLuZF6Itw2umh4AaABAg,OUu3vpWCPms,@srinivasyeripalli3786,Chala bagundi bro,English + Telugu,Neutral,0.7218,1
UgxJoXo-dgOVS_eDDF94AaABAg,OUu3vpWCPms,@ramunanda2069,Excellent,English,Positive,0.8165,0
Ugxn1HI1Q1Mr50RbDHh4AaABAg,OUu3vpWCPms,@KottalaTiru-k5z,Superb bro chala baga explain chesaru,English + Telugu,Positive,0.9368,0
UgwwEzGxu7mlwHTZGhl4AaABAg,OUu3vpWCPms,@govardhan_48,Next series MAHABHARATHAM 👍🤞,English + Telugu,Positive,0.8754,1
UgyCyJyYU4fyu5RE-BF4AaABAg,OUu3vpWCPms,@SandeepAyyanki,No words to say mind blowing,English,Negative,0.4709,1
UgwEo5Xw1UiImP_C_FB4AaABAg,OUu3vpWCPms,@SandeepAyyanki,Super brooooo,English + Telugu,Positive,0.895,0
UgwIFFIh9NLSE98Hfsd4AaABAg,OUu3vpWCPms,@dharmasaitalluri8234,Super explanation Anna,English,Positive,0.7775,1
UgwYadeU628aGsw63nd4AaABAg,OUu3vpWCPms,@rajuvooke724,"రామాయణం,మహాభారతం కూడా ఎక్స్ప్లెయిన్ చేయి బ్రదర్",Telugu,Neutral,0.7076,1
Ugy4l2qfOAQv1m87rv54AaABAg,OUu3vpWCPms,@stylisharjun2172,Chaala baagundhi anna,English + Telugu,Neutral,0.757,1
UgzvSWqBbMc5DJsmTWF4AaABAg,OUu3vpWCPms,@R_A-K-E-S-H.,Fast fast ga upload chey bro Bahubali ki kuda intha wait cheyaledu😅,English + Telugu,Neutral,0.6401,1
Ugyyr06wx6FSQ7O-16p4AaABAg,OUu3vpWCPms,@AnanthKumar-h6z1e,Full Story Next Level....❤,English,Positive,0.9224,1
UgySQWdSXauV9AWFEnp4AaABAg,OUu3vpWCPms,@Mrgymrat,Finnallyyy odysseus🥹,English + Telugu,Neutral,0.5608,1
Ugy8lD2FI5w2zmP88mB4AaABAg,OUu3vpWCPms,@rajeshmaddela7882,Brother excellent explanation.. and good voice,English,Positive,0.9556,0
UgzUg3sxu56bLsbJSXx4AaABAg,OUu3vpWCPms,@Aanimuthyamm,Eagerly waiting for this episode ❤,English,Positive,0.9846,1
UgyqR3F2wemqVhqz-tl4AaABAg,OUu3vpWCPms,@gangapuramsairam3893,👌💐,Emojis / Symbols,Positive,0.9284,1
UgyzMZT9DKxzFq2C2Yd4AaABAg,OUu3vpWCPms,@arunk5963,Story Inka vunte bagundu bro,English + Telugu,Neutral,0.8456,1
UgzkfVICl3J9HxiF2xN4AaABAg,OUu3vpWCPms,@TejaVemavarapu06,Nice explanation ❤,English,Positive,0.9519,0
UgyKQ8ZSyJIxeRobfvd4AaABAg,OUu3vpWCPms,@allinoneentertainment-n6e,Chala bahundhi brooo tnqqq soooo muchhhh❤❤,English + Telugu,Positive,0.9674,1
UgzCt-So3M8dDhxvCH94AaABAg,OUu3vpWCPms,@Manikumargorrapalli,❤,Emojis / Symbols,Positive,0.8904,1
Ugw7fgqU0d-HS1u1d594AaABAg,OUu3vpWCPms,@sandeepgk6221,"Thanks for ur efforts anna , Kudos to your explanation 🙌",English,Positive,0.9716,0
Ugzp7fHJzy1arwR7St54AaABAg,OUu3vpWCPms,@MBARingtones,Next Inkokati cheppandi ilantidi,English + Telugu,Neutral,0.7766,1
Ugx8MDT-6EHuUbW6tjd4AaABAg,OUu3vpWCPms,@MBARingtones,Nuv director avvali anukunnav kada bro Nijam cheppu Nolan ke poti isthunnav😊,English + Telugu,Neutral,0.5027,2
UgxUYOrliP-4suCIzTh4AaABAg,OUu3vpWCPms,@GopiDevi143,బ్రో నాకో doubt. ఎంత పెద్ద రహస్యమైన దేవుళ్ళకి తెలియకుండా ఉంటదా? దేవుళ్ళకి నిజంగా తెలియ అంటావా? అదే ఆ మంచం గురించిన సీక్రెట్ నిజంగా దేవుళ్ళకి కూడా తెలీకుండా అంత secret గా ఉంటుందా? మొత్తం విశ్వాన్నే సృష్టించేది దేవుళ్లే కదా? నాకు తెలిసి ఆమె చెప్పేది దేవుళ్ల గురించి కాదేమో? ఒకసారి ఇంకా బాగా research చెయ్యి అన్న.😢,Telugu,Neutral,0.6989,1
Ugy7wSxkLgtoEvZYizt4AaABAg,OUu3vpWCPms,@pradeep9951,☁💫 Eagerly waiting for it 18:27 💥🔥💯,English,Positive,0.9793,1
Ugynw6ecqe6ikJqke4V4AaABAg,OUu3vpWCPms,@chakravarthitarunmaharaaj707,Bomma Blockbuster 💥🔥,English + Telugu,Positive,0.9041,4
UgyMu5fZg-KtnPatd-x4AaABAg,OUu3vpWCPms,@dameragopinathreddy3056,Super bro,English,Positive,0.856,0
UgyOMBGGb7jRsiyJoFN4AaABAg,OUu3vpWCPms,@Mkonda-h4m,Eee story real mana ramayanam bharatham laa suryadevudu vayu devudu agni devudu lagaa naa,English + Telugu,Neutral,0.7849,0
UgyCWJGFMNzgSDe2j554AaABAg,OUu3vpWCPms,@PradeepKumar-g4e4b,But oka visyam Anna christopher Nolan ae range lo chupistado excite ga vundi,English + Telugu,Neutral,0.8345,0
UgwMW7teYkGD-TdK2O54AaABAg,OUu3vpWCPms,@PradeepKumar-g4e4b,Anna oka visyam  lo ninnu mechukovalasinde nee voice ki akkada vunde kings ki perfect match and your explanation very beautiful,English + Telugu,Positive,0.846,1
UgwDg7XAY1GOxjtattR4AaABAg,Q-scl3xYowo,@bhaskarbhaskararao8887,Meeru kuda serial laga episodes start chesaru 😂,English + Telugu,Neutral,0.8397,0
UgwUYjfL_Bj-nwWy2ox4AaABAg,Q-scl3xYowo,@archanavasam7840,Greek mythology full story,English,Neutral,0.8597,0
UgxrQL_5AYV4niX1hgh4AaABAg,Q-scl3xYowo,@Mrgymrat,Part 6 kosam 3days nundi waiting 🙄,English + Telugu,Neutral,0.5008,0
UgxB6AN0N46c31SZQjd4AaABAg,Q-scl3xYowo,@ChandraGautham,Pls explain kuldeep singh sengar case.,English + Telugu,Neutral,0.7298,0
UgyTsqtFF9l2k3YWeSF4AaABAg,Q-scl3xYowo,@SreejaVasam,Waiting for 6th episode please release 6th episode,English,Neutral,0.5051,1
UgyOnKiu8en8fpsHDXZ4AaABAg,Q-scl3xYowo,@sivananda2122,Anna nuvvu 6 episodes lone finish Chedham anukunnava ledha views Thakkuva vasthunai ani fast ga complete chesthunnavva,English + Telugu,Neutral,0.8544,0
UgwXaT6O0aEld_o6ut94AaABAg,Q-scl3xYowo,@kethavathanil8595,Anna ne WhatsApp number aina ee anna a time ki video pedthavo chappu anna ela whit cheyalekapothunna anna,English + Telugu,Neutral,0.8758,0
UgxX9y26AM_gdR3wrBN4AaABAg,Q-scl3xYowo,@modall784,Greek mythology full story,English,Neutral,0.8597,0
Ugw0I12xUMsQdTPV4gp4AaABAg,Q-scl3xYowo,@kethavathanil8595,Anna nenu nuvvu video pettina 5 minutes lone video on CHESI chusa eppudu malli comment chesthunna e time nenu morning leche sariki inko video Pettu anna worning anuko lekapothe ne vd meda unna ishtam anuko kani  22 March roju mathram inko video Pettu anna menimum 30 length undali,English + Telugu,Neutral,0.8969,0
Ugx2dL1gJDekMJAZbFt4AaABAg,Q-scl3xYowo,@modall784,Greek mythology,English,Neutral,0.7114,0
UgyxVgt1kymOVtT9ZD94AaABAg,Q-scl3xYowo,@satishganta4276,ఇప్పటిదాకా అన్ని వీడియోస్ చూసాను... చాలా interesting గా exiting ఉన్నాయి... thank you so much 👌👏👍🙏💐🥰,Telugu,Neutral,0.7177,3
Ugxa_NSpX0DxxeFpnX54AaABAg,Q-scl3xYowo,@PradeepKumar-g4e4b,The Achilles cameo is the most expensive in this part,English,Neutral,0.5561,7
UgxeLO6O347orlWwgM14AaABAg,Q-scl3xYowo,@PradeepKumar-g4e4b,Nenu christopher Nolan eagerly waiting for the oddessey movie,English + Telugu,Positive,0.8045,0
Ugxn_kIfRdyYUc9Cpnh4AaABAg,Q-scl3xYowo,@NagireddyChandragiri-g8n,❤❤❤❤❤❤,Emojis / Symbols,Positive,0.9479,0
UgwoCiXZsO6ogsgrA094AaABAg,Q-scl3xYowo,@gparasuram8184,Waiting for next episode ❤,English,Positive,0.9712,0
Ugzq1lEbiKv6eG_RtXF4AaABAg,Q-scl3xYowo,@govardhan_48,Next series mahabharatham ❤,English + Telugu,Positive,0.9082,1
UgyqrN8OlJIF56DRuJd4AaABAg,Q-scl3xYowo,@dharmasaitalluri8234,I am eagerly waiting for episode 6,English,Positive,0.9793,0
UgwAlbl-n42y_EWXPtJ4AaABAg,Q-scl3xYowo,@hanumathrao6273,Super video,English,Positive,0.9465,0
UgxkQ09cgrdYftCzhMV4AaABAg,Q-scl3xYowo,@nagrajsumathi,Anna war update cheyandi anna,English,Neutral,0.829,0
Ugzd9q54s99b6CAKWCF4AaABAg,Q-scl3xYowo,@Smile-gi3pb,"5 min waste of time, repeat story of the previous video",English,Negative,0.832,0
UgwIBLlI_7fqpfxfx8J4AaABAg,Q-scl3xYowo,@madhubabu833,"Story Exlent 
Mei explanation super ana 
Next episode kosamu weiting ❤❤❤",English + Telugu,Positive,0.9774,3
UgzX3uoOAazP7-EfTkR4AaABAg,Q-scl3xYowo,@sm-ke3dt,"Chala lag chesthunav bro 
enni rojulu e series extend chedham ani plan vesinav",English + Telugu,Neutral,0.8866,0
UgyO__94ynkmOHg0UNJ4AaABAg,Q-scl3xYowo,@arunk5963,Bro e parts anni movie la chesi pettu bro,English + Telugu,Neutral,0.8516,1
UgyBLuba8Prvz0mgi5t4AaABAg,Q-scl3xYowo,@arunk5963,Bro ni explain super mind-blowing e movie kristofer nolen ela thisthado alochisthene gosbums vasthunnai,English + Telugu,Positive,0.7042,0
UgzOVOgPirzh4obkVZR4AaABAg,Q-scl3xYowo,@gugulothnareshhsd,హాయ్ అన్న ♥️😂,Telugu,Positive,0.6731,0
Ugz4NvistfyfMGQ5AyR4AaABAg,Q-scl3xYowo,@sunithapraveenaruri7618,"Naaku oka doubt, ithanu yuddaniki, potappudu, idhe dharilo potuntadu kadha, Appudu ivi leva,",English + Telugu,Neutral,0.7696,1
UgwmM2hAzkQnT1eKwlp4AaABAg,Q-scl3xYowo,@Charan-h2m,Bro Opium Gurchi Clear Ga Video Chey Kadha Bro ❤,English + Telugu,Positive,0.6359,1
UgyN5bRb2vYL8KKEjrd4AaABAg,Q-scl3xYowo,@subbalakshmirajarao7130,👌👌👌👍,Emojis / Symbols,Positive,0.9461,0
Ugzrj6pWKkFmstDJdq14AaABAg,Q-scl3xYowo,@swathivizag2603,"నేను ఖచ్చితంగా చెప్పగలను... క్రిస్టోఫర్ నోలన్ ఈ సినిమాను మొత్తం నాశనం చేస్తాడు. ఎందుకు ఈ మాట చెపుతున్నాను అంటే... ఈ సబ్జెక్ట్ మొత్తానికి ఫుల్ కంప్యూటర్ గ్రాఫిక్స్ వాడాలి, కానీ నోలన్ తన లాస్ట్ మూడు సినిమాల నుంచి అసలు కంప్యూటర్ గ్రాఫిక్స్ వాడటం మానేశాడు. కాబట్టి ఖచ్చితంగా మనకి గ్రాఫిక్స్ లేని ఒక సోషియో ఫాంటసీ మూవీని నోలన్ ఇస్తాడు. ఓపెన్ హైమర్ లాగే చిరాకు తెప్పిస్తాడు.""",Telugu,Neutral,0.7261,1
UgyG4ui8QZcRMDoTTV54AaABAg,Q-scl3xYowo,@AJAYREDDY-y8j,10:36 😂😅😅😅 was epic highlight,English,Positive,0.9227,3
UgyCtgoY5jmS61NZ9cl4AaABAg,Q-scl3xYowo,@shankarravi7614,"ఇది 1995 lo చందమామ కథల్లో వచ్చింది ""రూపధరుడి యాత్రలు"" మీలో ఎంతమందికి గుర్తు వుంది ఫ్రెండ్స్",Telugu,Neutral,0.786,2
UgyoA9yFmaW47m0orhZ4AaABAg,Q-scl3xYowo,@ksrblogs,"The Story of Troy and The Adventures of Odysseus"".  ఇది మా తొమ్మిదవ తరగతిలో చదువుకున్నాం 2007లో  2007 English non- detail book లో ఉన్న కథ ఇది ఇంగ్లీష్ మీడియం వారికి మా టీచర్ లలిత టీచర్ ఇంగ్లీష్ టీచర్ చాలా చక్కగా చెప్పింది స్టోరీ  మళ్లీ ఇప్పుడు మీ వీడియో చూశాక రోజులు గుర్తు వచ్చాయా స్టోరీ చెప్పే విధానం సర్ మళ్లీ గుర్తొస్తుంది స్టోరీ వింటుంటే అంత చక్కగా చెప్పింది మా టీచర్ గ్రాఫిక్స్ లేవు ఆమె  కథనల కంటి ముందే కదిలినట్టుగా చెప్పేది మా టీచర్",Telugu,Neutral,0.8821,25
UgzbKokWDN7bxcNnLBd4AaABAg,Q-scl3xYowo,@nagarjunapathala5379,Super super excited Chal baga chepavu,English + Telugu,Positive,0.9853,0
UgxwQQS0YBJuTEZAesx4AaABAg,Q-scl3xYowo,@jeenasholeti2440,10:35 🙂 mali lip lock 😂,English,Neutral,0.8,5
UgyDov-KCu3U_wcr7Ht4AaABAg,Q-scl3xYowo,@pradeep9951,"Final episode !? 😢
If I'm not wrong final episode "" Sunday "" Osthundi 🤗😅",English,Neutral,0.5415,6
Ugycl5Mz6QYWsnCZgY54AaABAg,Q-scl3xYowo,@obleshn907,Bro e Sari 30 min video plz,English,Neutral,0.8675,0
Ugw74cgzCmoQoGrrDpZ4AaABAg,Q-scl3xYowo,@gosalanagarjuna3869,నమ్మేలా   లేకుండా..... వీడియో... సూపర్ గా  వుంది.... గ్రాఫిక్స్   మాత్రం    జక్కన్న   చెక్కినట్లు   వున్నాయి... ❤❤❤❤❤,Telugu,Neutral,0.7788,4
UgzzM9NTNVu27TF9vlx4AaABAg,Q-scl3xYowo,@clintonpuli9752,E okka series vallana nee channel ekkadiko vellipothundhi bro 🎉,English + Telugu,Positive,0.9287,10
UgzS9Povf6_paPulmD14AaABAg,Q-scl3xYowo,@channaraonayudu,Mallu bhatti vikramaraka 1 story video pleasu me,English + Telugu,Neutral,0.8657,1
Ugw3KLqDCXaVKYVChe54AaABAg,Q-scl3xYowo,@sathishdhulam96,I LOVE TELUGU KNOWLEDGE FOREVER BRO ❤️,English,Positive,0.9762,0
UgxML1EMTFlv8f6AA3J4AaABAg,Q-scl3xYowo,@AnanthKumar-h6z1e,❤,Emojis / Symbols,Positive,0.8904,0
UgzhYPNpCiA_PVXD6Il4AaABAg,Q-scl3xYowo,@kethavathanil8595,"Anna kavalante money aina tesko anna kani time video Pettu anna 
Yandhuku e series mamuluga ledu anna",English + Telugu,Neutral,0.8863,13
Ugz7iDUiwS_lHOsoROp4AaABAg,Q-scl3xYowo,@sulochana2616,Hii boss super story❤❤❤❤,English + Telugu,Positive,0.9817,2
Ugy0krfQ_Oq3sWL3Pvt4AaABAg,Q-scl3xYowo,@RamChander-l8p,"Jai Janasena 
Jai BJP 
Jai Telugu knowledge 
Jai Hindu 
Jai Hindustan",English,Neutral,0.5012,5
Ugxi6BttJ_tBezSTqId4AaABAg,Q-scl3xYowo,@mr.venkat9392,To a lengthy video is good 😊,English,Positive,0.9466,6
Ugxj0rFSuYKlQMqMLnB4AaABAg,Q-scl3xYowo,@madinibhargava7362,Hi,English,Neutral,0.4641,2
Ugw9wX4yf3PSJsYGdlh4AaABAg,PgtUuQZFE3A,@teluguknowledge42,"The Troy & Odyssey Trailer : https://youtu.be/FQwEd3zwr_g

Episode 1 : క్రిస్టోఫర్ నోలన్ ని భయపెట్టిన కథ... : https://youtu.be/u7aL6WX9yVU

Episode 02 : గ్రీకు పురాణాల్లో భయంకరమైన రోజు! : https://youtu.be/swsMRuHOXsw

Episode 03 : ఒక అబద్ధం... ఒక గుర్రం...   : https://youtu.be/LAhpdk5O2kE

Episode 04 : దేవుడితోనే పంతం...ఒక్క మాట ఆ రాక్షసుడిని ? :https://youtu.be/PgtUuQZFE3A",Telugu,Neutral,0.9202,3
Ugz8265aTLsxFTXU6254AaABAg,PgtUuQZFE3A,@srinivasgm8134,"మైండ్ బ్లోవింగ్ 
స్టోరీ అన్న 
👌హ్యాట్సాఫ్ యు 👌",Telugu,Neutral,0.754,0
Ugw_0arWMR_u8YKWaSt4AaABAg,PgtUuQZFE3A,@modall784,Greek mythology full story,English,Neutral,0.8597,0
Ugx50D8cV7pTAtngB-l4AaABAg,PgtUuQZFE3A,@archanavasam7840,Greek mythology full story,English,Neutral,0.8597,0
UgxpE93dIrfNMkkLPad4AaABAg,PgtUuQZFE3A,@Anjimama007,30 minutes chey.,English + Telugu,Neutral,0.8524,0
UgwISbudd7etywdl8Ft4AaABAg,PgtUuQZFE3A,@tejakolla6239,Very superb story ni ai vedio dwaraga chala clear explanation chestunnav anna 🙏 ♥️,English + Telugu,Positive,0.9596,0
Ugy3RX17ZAEUUmvCcmh4AaABAg,PgtUuQZFE3A,@modall784,Greek mythology,English,Neutral,0.7114,0
UgwlLM7CdcN7WtYE1SZ4AaABAg,PgtUuQZFE3A,@swathivizag2603,"నేను ఖచ్చితంగా చెప్పగలను... క్రిస్టోఫర్ నోలన్ ఈ సినిమాను మొత్తం నాశనం చేస్తాడు. ఎందుకు ఈ మాట చెపుతున్నాను అంటే... ఈ సబ్జెక్ట్ మొత్తానికి ఫుల్ కంప్యూటర్ గ్రాఫిక్స్ వాడాలి, కానీ నోలన్ తన లాస్ట్ మూడు సినిమాల నుంచి అసలు కంప్యూటర్ గ్రాఫిక్స్ వాడటం మానేశాడు. కాబట్టి ఖచ్చితంగా మనకి గ్రాఫిక్స్ లేని ఒక సోషియో ఫాంటసీ మూవీని నోలన్ ఇస్తాడు. ఓపెన్ హైమర్ లాగే చిరాకు తెప్పిస్తాడు.""",Telugu,Neutral,0.7261,1
Ugzpr3jP9opqqFNGSpV4AaABAg,PgtUuQZFE3A,@ravigoudmamidi257,Next episode kosam waiting brother,English,Neutral,0.5594,0
UgyrNrXqf1MhriTTgFh4AaABAg,PgtUuQZFE3A,@sivakishoreGowda,Jesus gadi lavadalo myth story kante e odyssey story ne real ga anipistundi. Mabe edhe real aa bible bulbul book fake,English + Telugu,Neutral,0.6649,0
UgzqE-xQTmL6030EBIt4AaABAg,PgtUuQZFE3A,@venkatasudheer713,ఇంకేముంది మూట ఇప్పాడు సరదాగా దారి తప్పాడు,Telugu,Neutral,0.7374,0
UgxqvfDGFaKDkNt0vxZ4AaABAg,PgtUuQZFE3A,@shamuaamadana1686,Next episode,English,Neutral,0.7182,0
UgxZ6Ribl79faZip6qx4AaABAg,PgtUuQZFE3A,@nayanivenkatesh6016,Bro Mamulga chepachuga,English + Telugu,Neutral,0.7053,0
Ugxw9pegHtKWOUfyxC54AaABAg,PgtUuQZFE3A,@chaitanya2124,"అరె బాబు, lip to lip kiss పెట్టావు, మనిషి వి కదా? నీ చానల్ మీద respect పోయింది",Telugu,Neutral,0.6657,0
UgwSJP5GMDZ9AvNOKcZ4AaABAg,PgtUuQZFE3A,@SAM-vm7fo,Anna same ilagey AI ni use chesey nee crime documentaries and political documentaries kuda reupload cheyava please......🥹🥹🥹,English + Telugu,Neutral,0.8015,0
UgxIIg0xhUIF2r4TJ7F4AaABAg,PgtUuQZFE3A,@NarendraKumcham,"Super undi nice story telling 🔥🔥🔥
Enni episodes plan chesaru
Episode 3 and 4 baaga impress chesai
Eagerly waiting for episode 5 
Konchem episode duration increase cheyandi",English + Telugu,Positive,0.9841,0
Ugw0nJa5wtY-6Q3Fajp4AaABAg,PgtUuQZFE3A,@Your_Than,6:45 😂😂😂,Emojis / Symbols,Neutral,0.7299,1
Ugw3UsSwN9ztToN_GGN4AaABAg,PgtUuQZFE3A,@ESG3040,మీరు చెప్పే ఇ కథ ముందు మన బాహుబలి ని మరచిపోవచ్చు 🤝 సువర్ అన్న,Telugu,Neutral,0.7383,7
UgwXKzYM-b5yjQBRzH54AaABAg,PgtUuQZFE3A,@Josephswaroop333,ఎప్పుడో వచ్చిన మూవీస్ ఇవి ఏంటయ్యా బాబు 😂😅😂,Telugu,Neutral,0.7455,0
Ugw-mitcM-YtRXp72014AaABAg,PgtUuQZFE3A,@dharmasaitalluri8234,Super story,English,Positive,0.9321,0
UgwaAsStQ-o-nbjAcsJ4AaABAg,PgtUuQZFE3A,@krishna98-ne1de,"12min lo 2 mins nee recap , Taruvatha 2 ads saripoeindi video",English + Telugu,Neutral,0.9179,0
Ugzn338smC9ZXacHnHl4AaABAg,PgtUuQZFE3A,@ojasgambhira6,Wine yekkadidhi qh time lo vallaki 😅,English + Telugu,Neutral,0.7759,1
UgwnCpqqgv8WFZnHSOV4AaABAg,PgtUuQZFE3A,@deekshith_abhimanyu1,Length ekkuva pettu bro,English + Telugu,Neutral,0.8156,0
UgwiGcEeBzE062R4gQx4AaABAg,PgtUuQZFE3A,@pradeep9951,Your voice is the Backbone of the series captain bro 🔥 And the visuals give Life to the Story 💥🔥💯 Absolute cinema 🎦🙌,English,Positive,0.978,1
Ugzcsm_DheAgR7X23iB4AaABAg,PgtUuQZFE3A,@Matrixmarigold,Bisma,English + Telugu,Neutral,0.6797,0
Ugz9OgYnDC9Q931lvfp4AaABAg,PgtUuQZFE3A,@Charan-h2m,Bro Opium Gurchi Clear Ga Video Chey Kadha Bro ❤,English + Telugu,Positive,0.6359,1
UgwxQ--79CSyYenyBEl4AaABAg,PgtUuQZFE3A,@gugulothnareshhsd,Hi Anna 👋👋,English,Positive,0.7216,0
UgzLWRfycqN_MAE8E5d4AaABAg,PgtUuQZFE3A,@SaaiIaas-o4p,Bro 30 minutes petu bro,English + Telugu,Neutral,0.8001,0
UgxIba_p4Uj603mJlXt4AaABAg,PgtUuQZFE3A,@NagireddyChandragiri-g8n,Cinima story la chaala bavundi brother,English + Telugu,Neutral,0.8538,0
UgxDGWlJNPJAM2xUy4N4AaABAg,PgtUuQZFE3A,@kumarKumar-lb9iu,Odesseyes entha telivaina vaado antha erripooo la unnadu,English + Telugu,Neutral,0.8062,2
UgxTIAvdfkc3f2XBx0F4AaABAg,PgtUuQZFE3A,@ArnoldgymProddatur,"Movie yemo gani, mee explanation adiripoendi 🎉❤",English + Telugu,Positive,0.9546,0
Ugzu0lzdBVbCRjCsKxd4AaABAg,PgtUuQZFE3A,@kethavathanil8595,Roju elativi Pettu anna pls,English + Telugu,Neutral,0.8515,0
UgxHW8dWJrP4-nJ93nJ4AaABAg,PgtUuQZFE3A,@rajesh-cfso,Next episode ❤,English,Positive,0.8954,0
Ugx0s0DuQH9nfssigjJ4AaABAg,PgtUuQZFE3A,@chindamnithesh8823,Video koncham length penchu anna super video 👌,English + Telugu,Positive,0.9322,6
UgyA3CFHAwubx1ycCfh4AaABAg,PgtUuQZFE3A,@obleshn907,Length konchem 30 min Pettu bro please ❤,English + Telugu,Neutral,0.5566,10
UgwZodOgMIHVWj87Za14AaABAg,PgtUuQZFE3A,@bhanuhruthikkodali227,Anna next episode anna 😢😢😢,English,Negative,0.6585,1
Ugx19zKbuSoslIXGM914AaABAg,PgtUuQZFE3A,@MudavathLucky-l9g,Total enni parts Chesthunnavu brother Ee series meedha,English + Telugu,Neutral,0.8366,1
Ugw59m7Q8H0yeztBhZx4AaABAg,PgtUuQZFE3A,@wolverineteja,Em undhi ra babu asalu story,English + Telugu,Neutral,0.8734,13
Ugz4J0TAaK1QcQ9x-lF4AaABAg,PgtUuQZFE3A,@brownboibenny2860,Christopher Nolan మూవీ వచ్చేసరికి నువ్వు చూపించేశావు మూవీ,Telugu,Neutral,0.8002,7
Ugza-JhIOuoSCFen-Jh4AaABAg,PgtUuQZFE3A,@AnanthKumar-h6z1e,Waiting Bosssse... from Bangalore ❤️,English + Telugu,Positive,0.9589,1
Ugw5P1NBmf0Uz3j-Tih4AaABAg,PgtUuQZFE3A,@harshasandy5866,Maku kavalsindhi edha topic Anna,English + Telugu,Neutral,0.8965,3
UgzxO6dwyRI-gm02t_t4AaABAg,PgtUuQZFE3A,@sathishdhulam96,I LOVE TELUGU KNOWLEDGE FOREVER BRO ❤️,English,Positive,0.9762,3
UgyWZ-eZvZ2zYMQTVEF4AaABAg,PgtUuQZFE3A,@SrivathsavKani,First like❤❤❤,English,Positive,0.8912,0
UgxfbtzM3YmDyisWy6x4AaABAg,PgtUuQZFE3A,@SrivathsavKani,Please andi ela inka greek stories meeda chala series cheyyandi❤❤❤❤memu support chesthamu❤❤❤❤,English + Telugu,Positive,0.8801,2
UgzKOEqVhE2By_R-WiV4AaABAg,LAhpdk5O2kE,@teluguknowledge42,"The Troy & Odyssey Trailer : https://youtu.be/FQwEd3zwr_g

Episode 1 : క్రిస్టోఫర్ నోలన్ ని భయపెట్టిన కథ... : https://youtu.be/u7aL6WX9yVU

Episode 02 : గ్రీకు పురాణాల్లో భయంకరమైన రోజు! : https://youtu.be/swsMRuHOXsw

Episode 03 : ఒక అబద్ధం... ఒక గుర్రం...   : https://youtu.be/LAhpdk5O2kE

Episode 04 : దేవుడితోనే పంతం...ఒక్క మాట ఆ రాక్షసుడిని ? :https://youtu.be/PgtUuQZFE3A",Telugu,Neutral,0.9202,2
UgyiWvXrKTdpMN_yYR94AaABAg,LAhpdk5O2kE,@danielrajusavarapu4752,కృష్ణుడు కూడాఒక్క బాణం దెబ్బకు గిల గిల కొట్టుకుంటూ అల్లాడి చచ్చాడు,Telugu,Neutral,0.7375,0
Ugz7ddry5P5PXY6hiX54AaABAg,LAhpdk5O2kE,@RajeshMolli-v4t,"meku nachina dubbing cheppesthunnaru 😂😂

Asala troy movie chusthe telusthundhi .",English + Telugu,Neutral,0.7769,0
UgyBk7OnH20v7YffPwJ4AaABAg,LAhpdk5O2kE,@YallaGovindarao,Fack fack,English + Telugu,Negative,0.7234,0
Ugx-arbichPLJLNu_dh4AaABAg,LAhpdk5O2kE,@YallaGovindarao,ఒరే వెదవ మూసుకో,Telugu,Neutral,0.7361,0
Ugx3WUjzYhm1Wiufxkt4AaABAg,LAhpdk5O2kE,@satyag8905,ఆ ఫారిన్ సొల్లు ఎందుకు..  ఏ బప్పా రావల్ గురించో.. రాజా విక్రమాదిత్య గురించో చెప్పరా,Telugu,Neutral,0.8204,0
UgxgUN9cBKoUTx1MmAB4AaABAg,LAhpdk5O2kE,@YallaGovindarao,It is a crieation,English + Telugu,Neutral,0.6589,0
UgzA1kb3ExfYUKzwQWl4AaABAg,LAhpdk5O2kE,@YallaGovindarao,Solli solli solli solli solli,English + Telugu,Neutral,0.6547,0
Ugz8OTcHYcVjiOoEkpF4AaABAg,LAhpdk5O2kE,@niteeshkumaradapa8275,Nolan mv chusina intha feel raademo .. nuv cheptunte aa high vachindhi bhayya,English + Telugu,Neutral,0.8278,0
UgwbTwxk1ZjMylfFLOt4AaABAg,LAhpdk5O2kE,@Manichand505,😅😅😅😅,Emojis / Symbols,Neutral,0.5508,0
UgxeZ4pVI7tEpJjBP0h4AaABAg,LAhpdk5O2kE,@AjJaganOfficial,Mind blowing ❤❤❤❤❤,English,Positive,0.9732,1
UgwrENIWj1IYl10R0p54AaABAg,LAhpdk5O2kE,@swathivizag2603,"నేను ఖచ్చితంగా చెప్పగలను... క్రిస్టోఫర్ నోలన్ ఈ సినిమాను మొత్తం నాశనం చేస్తాడు. ఎందుకు ఈ మాట చెపుతున్నాను అంటే... ఈ సబ్జెక్ట్ మొత్తానికి ఫుల్ కంప్యూటర్ గ్రాఫిక్స్ వాడాలి, కానీ నోలన్ తన లాస్ట్ మూడు సినిమాల నుంచి అసలు కంప్యూటర్ గ్రాఫిక్స్ వాడటం మానేశాడు. కాబట్టి ఖచ్చితంగా మనకి గ్రాఫిక్స్ లేని ఒక సోషియో ఫాంటసీ మూవీని నోలన్ ఇస్తాడు. ఓపెన్ హైమర్ లాగే చిరాకు తెప్పిస్తాడు.""",Telugu,Neutral,0.7261,0
UgyKDFPgWo6saMpW07t4AaABAg,LAhpdk5O2kE,@govardhan_48,Next series mahabharatham 👍,English + Telugu,Positive,0.8468,0
Ugy4Yk1CUieDk8evhZx4AaABAg,LAhpdk5O2kE,@shamuaamadana1686,Next video bro 😊,English,Positive,0.9133,0
UgxPDy1Acp3pXT4ordJ4AaABAg,LAhpdk5O2kE,@gugulothnareshhsd,బాగుంది వీడియోస్ ❤️❤️❤️,Telugu,Positive,0.707,0
UgwiOQgIPhmjfddXPi54AaABAg,LAhpdk5O2kE,@gugulothnareshhsd,హాయ్ అన్న ❤️❤️❤️❤️,Telugu,Positive,0.9119,0
UgztskONZLFdtHqAM_94AaABAg,LAhpdk5O2kE,@naraharibaasa3178,"ఒరేయ్ దేవుళ్ళకు అంత శక్తి ఉంటే యుద్ధం జరిగాక శాపం తగలడం ఏంటీ.
ఎప్పుడైతే దేవుని విగ్రహాo ముందు తప్పు జరిగిందో అప్పుడే దేవుడు ప్రత్యేక్షం అయ్యి  తప్పు చేసినవన్నీ శిక్ష వేస్తె అయిపోతుంది కాదా. నువ్వు చెప్పే కథ లో చాలా అతిసేయోక్తి ఉంది.",Telugu,Neutral,0.7411,0
UgwV08TjWj4dSNRrQ954AaABAg,LAhpdk5O2kE,@Hemasri_6979,Anna movie ala undhi 👌👌👌,English + Telugu,Positive,0.9002,0
UgyhzbQdsAuyaUQ9xzx4AaABAg,LAhpdk5O2kE,@AJAYREDDY-y8j,innaka enni episodes anni rojulu agali tondraga long video cheyyu plSsZzz tvaraga cheyy don't be late writing scrpit editing,English + Telugu,Neutral,0.7303,1
UgxBfqnfqpgq_SqmGFF4AaABAg,LAhpdk5O2kE,@AJAYREDDY-y8j,was epic highlight 🌚gap haaaa aa👄🫦💋💏😘😙😽😽💥15:15 15:18 15:23 15:25 15:26 😅😅😅😅,English,Positive,0.9864,0
Ugx-1KylXWk3tevI9YF4AaABAg,LAhpdk5O2kE,@rajureddy3725,Ary madyalo lip kiss endhuk ra ayy😢,English + Telugu,Neutral,0.4663,0
UgybdmzuC3b1-DxFwSV4AaABAg,LAhpdk5O2kE,@govardhan_48,Anna.... Mana mahabharatham videos kuda cheyavachu gaa....plz....🧡,English + Telugu,Positive,0.5683,2
UgxoRlX_oVSomdyelOh4AaABAg,LAhpdk5O2kE,@naniy707,"Bro, in Troy movie they directed differently",English,Negative,0.4898,0
UgxqbGDj0Qd7m0KjzZF4AaABAg,LAhpdk5O2kE,@deenadayalreddygnappa7881,Very good information and journalist,English,Positive,0.9209,0
Ugy0LyzFL2OEAP_J21x4AaABAg,LAhpdk5O2kE,@Kukudalashiva07Kukudalashiva07,Hi,English,Neutral,0.4641,0
UgxAXGczWYzHhvoiY-54AaABAg,LAhpdk5O2kE,@Smile-gi3pb,Trump second part edi bro..?,English,Neutral,0.8982,0
Ugyj0nfVNH4dD5MmnRh4AaABAg,LAhpdk5O2kE,@NagarajuNalla-w9n,Next Episode 4 link Kuda Pettu Bro ❤,English + Telugu,Positive,0.6296,0
UgwtxKbKVPLGeOtQthN4AaABAg,LAhpdk5O2kE,@chakravarthitarunmaharaaj707,Eagerly Waiting For Every Episode ❤,English,Positive,0.9766,0
UgwlyMLJeFBF558HUFB4AaABAg,LAhpdk5O2kE,@NaveenNaveen-p9y,Anna Maha bharatham gurinchi video chei anna 🙏🙏🙏,English + Telugu,Neutral,0.7073,0
Ugw6mYXAy4DOxKO_UyJ4AaABAg,LAhpdk5O2kE,@pradeep9951,15:12 💥🔥,Emojis / Symbols,Positive,0.6864,2
UgwT8zojdIvEHFeRrc54AaABAg,LAhpdk5O2kE,@MBARingtones,Movie ne teyocchu kada bro Nolan kante Munde,English + Telugu,Neutral,0.8834,1
UgwmkgV6v_phgaa8gTR4AaABAg,LAhpdk5O2kE,@PondaraRohith-k6s,Thank you bro for uploading but do it fast again I subscribed 😊,English,Positive,0.9621,1
Ugz3D_gqxtQT_X-f56J4AaABAg,LAhpdk5O2kE,@arunk5963,Bro kristofer nolen dhinni series ga thisthunnada movie ga thisthunnada waiting,English + Telugu,Neutral,0.6588,2
UgzHYZ8eMIXTiBFvTVN4AaABAg,LAhpdk5O2kE,@rajesh-cfso,Next part ❤,English,Positive,0.7596,0
Ugwav13D5t1VC6opxed4AaABAg,LAhpdk5O2kE,@sivananda2122,Forget about views bro pls continues this series,English,Neutral,0.6255,5
UgzIUbE69_lqEDrB_ox4AaABAg,LAhpdk5O2kE,@Anjimama007,Next episode..the Odyssey ...crista Christopher Nolan mama movie.. July lo,English,Neutral,0.8837,2
UgzO4Da3X-1zuH6xafB4AaABAg,LAhpdk5O2kE,@mercyraajingilela6573,"ఏంటి బ్రో ఏం దొరక లేదా మహాభారతం పిట్ట కతలు మోడరన్ గ్రీకు లో చెప్తున్నావు, మీ వీడియో లు చాలా జెనియున్  గా ఉంటాయి ఇలాంటి చెత్త సబ్జెక్టు చెప్తున్నారు ఏంటి? కాలు కీలు కి భాణం తగిలి చచ్చింది కృష్ణుడే మన పురాణాల్లో అయితే ఇవి గ్రీకు పురాణాలే నా? ఓహ్ మీరు ఓ క్లారిటీ ఇచ్చారు బ్రో, మన కత లన్ని పక్కింటి పుక్కిట కతలని క్లారిటీ ఇచ్చారు బ్రో, గ్రీకులు ఇండియా కి వచ్చింది రియలే, అక్కడ జరిగిన కతలే ఇక్కడ అల్లేసి కట్టారు అన్నమాట, లేక పొతే మహా భారతానికీ, రామాయణానికి ఇక్కడ ఆర్కియాలాజీ లు దొరకడం లేదంటే, ఇవన్నీ పుక్కిట పురాణాలే అని తేట తెల్లం అయిపోతుంది, అంతే గా బ్రో మనం బ్రతికాం అంటే ఎముక ఉండాలి, ఎముక కి అన్ని కోట్ల సంవత్సరాల హిస్టరీ చరిత్ర ఉంది గా! మరి కోట్ల సంవత్సరాల క్రితం జరిగిన మహా భారతానికి, రామాయణానికి, ఫ్రూఫ్స్ లేవు ఇప్పుడు మీరు చెప్పిన గ్రీకు కతల్లో కనిపిస్తున్నాయి, కాలు కీలుకి భాణం తగిలి చచ్చింది మన భారతం లో కృష్ణుడే కావాలంటే mhb చదవండి.",Telugu,Neutral,0.7784,0
Ugw0Kn_-2ZfYq2mQZnV4AaABAg,LAhpdk5O2kE,@pradeep0711,Next part fast gaa release cheyy bro,English + Telugu,Neutral,0.7674,0
UgyrOSN8sTGnYwZLvlZ4AaABAg,LAhpdk5O2kE,@hanumathrao6273,Super brother waiting for 4th episode fast ❤❤,English,Positive,0.9804,0
UgxZ_QCwou0UYYWx9OJ4AaABAg,LAhpdk5O2kE,@dharmasaitalluri8234,I want full detailed video on Delhi Tarun incident,English,Neutral,0.7814,0
UgzQqP43a54WtACNRlt4AaABAg,LAhpdk5O2kE,@MuragundlaVenkatesh,10th classlo trojan war udhi back to school days,English + Telugu,Neutral,0.8649,1
Ugznxu38ta71PKpwMFF4AaABAg,LAhpdk5O2kE,@PrashanthKore-r4t,Mamuluga ledhu kadha anna story,English + Telugu,Neutral,0.8961,1
UgzM5SxvZ6jgMU1kBPR4AaABAg,LAhpdk5O2kE,@chindamnithesh8823,👌,Emojis / Symbols,Positive,0.8328,1
UgyfG-rOg8BrRdKmzNd4AaABAg,LAhpdk5O2kE,@koteswararaomanda7517,Super story,English,Positive,0.9321,0
Ugx_uOjRUMCvOXMcGYl4AaABAg,LAhpdk5O2kE,@GodavariAbbayi-pe6hy,Akhiles character = Karna in Mahabharatam,English + Telugu,Neutral,0.8813,1
UgyA7dAkLaL7YD3wPZR4AaABAg,LAhpdk5O2kE,@shaikshaikshaik2905,అన్న నువ్వు సూపర్ 🙏🙏🙏,Telugu,Neutral,0.6536,0
Ugxv7vNnrYCOlfCTfyh4AaABAg,LAhpdk5O2kE,@maheshbabu5229,🎉 excellent work bro good story teller,English,Positive,0.987,0
UgydgdnL37vYB5eeTEh4AaABAg,LAhpdk5O2kE,@bunny_loco,Playlist lo add cheyyandi bro,English,Neutral,0.8329,0
UgxvuEiKhZfSBznTP654AaABAg,LAhpdk5O2kE,@AJAYREDDY-y8j,15:24 was epic 😂😂😅😅😮,English,Positive,0.7815,3
UgxG0R8YytuexZR9QyR4AaABAg,LAhpdk5O2kE,@channaraonayudu,Mallu bhatti vikramaraka 1 story video pleasu me,English + Telugu,Neutral,0.8657,1
UgwfBVSnojEQyc2Iu4p4AaABAg,swsMRuHOXsw,@elishakama1644,Some say that Achillies and patroclus are lovers,English + Telugu,Neutral,0.7448,0
UgxCMr8fNbyeOIGh86N4AaABAg,swsMRuHOXsw,@rajesuskannakanna7980,Hello brother green country God only Jesus Christ,English,Positive,0.9075,0
UgwUDaf3hpNeaf0MUjB4AaABAg,swsMRuHOXsw,@swathivizag2603,"నేను ఖచ్చితంగా చెప్పగలను... క్రిస్టోఫర్ నోలన్ ఈ సినిమాను మొత్తం నాశనం చేస్తాడు. ఎందుకు ఈ మాట చెపుతున్నాను అంటే... ఈ సబ్జెక్ట్ మొత్తానికి ఫుల్ కంప్యూటర్ గ్రాఫిక్స్ వాడాలి, కానీ నోలన్ తన లాస్ట్ మూడు సినిమాల నుంచి అసలు కంప్యూటర్ గ్రాఫిక్స్ వాడటం మానేశాడు. కాబట్టి ఖచ్చితంగా మనకి గ్రాఫిక్స్ లేని ఒక సోషియో ఫాంటసీ మూవీని నోలన్ ఇస్తాడు. ఓపెన్ హైమర్ లాగే చిరాకు తెప్పిస్తాడు",Telugu,Neutral,0.7261,0
UgzmYuProYhd-cctfm54AaABAg,swsMRuHOXsw,@chandumalhotra3505,4:10 Jai Greece 😂😂,English,Neutral,0.7571,3
UgzP4WfXntRU5ehbrxN4AaABAg,swsMRuHOXsw,@teluguknowledge42,"The Troy & Odyssey Trailer : https://youtu.be/FQwEd3zwr_g

Episode 1 : క్రిస్టోఫర్ నోలన్ ని భయపెట్టిన కథ... : https://youtu.be/u7aL6WX9yVU

Episode 02 : గ్రీకు పురాణాల్లో భయంకరమైన రోజు! : https://youtu.be/swsMRuHOXsw

Episode 03 : ఒక అబద్ధం... ఒక గుర్రం... ఒక రాత్రిలో కూలిపోయిన ట్రోయ్ సామ్రాజ్యం  :       
                                                                            https://youtu.be/LAhpdk5O2kE",Telugu,Neutral,0.9202,0
UgyaBxOUNxGgv_oC7-F4AaABAg,swsMRuHOXsw,@bhanuhruthikkodali227,Anna kastha part 3 upload chye anna 🙏🙏,English + Telugu,Neutral,0.7492,0
UgzkqWGteQXYxmWiA3B4AaABAg,swsMRuHOXsw,@PondaraRohith-k6s,I unsubscribed your channel I don't like that you took more than 4 days  for part3  till you don't upload,English,Negative,0.9276,0
UgwtW0D1m3GwT4oGW6V4AaABAg,swsMRuHOXsw,@JASWANTHKOTTAKOTA,"Bro nuvvu edhi oka mythological story annav kadha asalu denitho vallu society ki em cheppadam anukunnalu ardham kaledhu because mythological manshiki manchi cheddu madhya bedham cheppali  
Eedhi naku andhuko anthala anipinchaledhu",English + Telugu,Neutral,0.8291,2
UgxQh0nK2SaLL5uGNJR4AaABAg,swsMRuHOXsw,@PondaraRohith-k6s,Bro how much time you take for the part 3 so I want to unsubscribe  your channel 😢,English,Negative,0.8453,1
Ugzle6c_o1i658ZPyTt4AaABAg,swsMRuHOXsw,@sravankleon5747,anna fast ga part-3 upload cheyy,English,Neutral,0.763,0
UgyvCbHH3nw1Rex8plh4AaABAg,swsMRuHOXsw,@bhanuhruthikkodali227,Anna fast ga pytu anna,English,Neutral,0.8631,0
UgxTUDqE_p5aSrfhAn14AaABAg,swsMRuHOXsw,@bhanuhruthikkodali227,Am feeling vundhi mawa ekada,English + Telugu,Neutral,0.8219,1
UgxeMr2maaGPqB55Z7N4AaABAg,swsMRuHOXsw,@bhanuhruthikkodali227,"Anna part 3 akada anna 
Anna fast ga pytu anna",English + Telugu,Neutral,0.8926,0
Ugz-CLqsAvcE9Crxni94AaABAg,swsMRuHOXsw,@Mr.KK_9840,Anna konchem perla pronunciation nerchuko anna,English + Telugu,Neutral,0.8588,0
Ugz7Mth6JkG-gtBjQ3h4AaABAg,swsMRuHOXsw,@keerthikeerthi3814,"Trojan war...
6th class English nondetail book.😅😅
Chala vishayalu mana mahabharat ki similar vuntayi",English + Telugu,Neutral,0.6931,0
UgyfCilUXOWXaWVoqxV4AaABAg,swsMRuHOXsw,@Kukudalashiva07Kukudalashiva07,Hi,English,Neutral,0.4641,0
UgzDW9E7hhTmjgV6PC54AaABAg,swsMRuHOXsw,@makkaramana757,Just explain it like a story not like a Epic saga don't compare this story with Mahabharat just say Akhilesh it's enough you don't need to improvise it,English,Neutral,0.4985,0
UgysFcYo9OVv56g0JFN4AaABAg,swsMRuHOXsw,@srishanthnyk7068,Bro tell in normal voice only bro like this not good,English,Negative,0.8829,0
UgzKOlPmtJc6-VGrlUV4AaABAg,swsMRuHOXsw,@NikhilOfficial2,Part 3 kosam Entha Mandhi 😢,English + Telugu,Negative,0.6155,2
UgyjnbZPTMSA75bQaEZ4AaABAg,swsMRuHOXsw,@srinivasgm8134,Part 3 త్వరగా అప్ లోడ్ చేయండి,Telugu,Neutral,0.7844,0
UgxDSLu1OmlsPzynTyp4AaABAg,swsMRuHOXsw,@wolverineteja,Part3,English,Neutral,0.7751,0
UgwoGC3zwGVGMiqgwfN4AaABAg,swsMRuHOXsw,@sairajesh9851,Koncham video length penchu sir ..,English + Telugu,Neutral,0.8597,0
UgxfkPXUbQSNbfgGlKR4AaABAg,swsMRuHOXsw,@rprasad7972,Super Bro nice🎉,English,Positive,0.9812,0
UgzuVUF9UKe-2dRzGql4AaABAg,swsMRuHOXsw,@gautamgadamsetti1974,Superb video topnotch keeep going on 🎉🎉🎉🎉🎉,English + Telugu,Positive,0.9875,0
Ugyvq22PuNaTZyDrfZp4AaABAg,swsMRuHOXsw,@SHAIKTAHER-j3g,Super video broo next level explanation ❤❤ waiting for episode 3,English,Positive,0.9878,0
UgzPUjTWazKBdrXLIrV4AaABAg,swsMRuHOXsw,@bunnyboy3600,"Explanation కాకుండా background music తో video వదిలేసుంటే ఇదేదో movie అనుకుంటారు, ఈ AI వల్ల",Telugu,Neutral,0.8718,1
UgzzkHNz0kJfXXpSl_h4AaABAg,swsMRuHOXsw,@seemonupremula5921,Nice explanation anna 😊,English,Positive,0.9568,0
Ugzbq3uzhSjogjPJdTF4AaABAg,swsMRuHOXsw,@dharmasaitalluri8234,Super explanation anna,English,Positive,0.8457,0
UgxX2nk_7FlhpJND9ZV4AaABAg,swsMRuHOXsw,@rajesh-cfso,Part 3❤❤❤❤❤❤❤,English,Positive,0.9519,0
Ugw_bDMhFqJdwApNzP54AaABAg,swsMRuHOXsw,@hanumathrao6273,Next episode fast ga chey brother super excited matter,English,Positive,0.9732,0
UgxWYRMN70WWrPuWXGR4AaABAg,swsMRuHOXsw,@Thiru8140,Mahabharatam Bhishma pitamaha character gurinchi vuntunnattu undhi....🚩🏹,English + Telugu,Neutral,0.8242,5
UgybO3rdItnaglEcOMJ4AaABAg,swsMRuHOXsw,@maheshbabu5229,Thank you bro,English,Positive,0.9238,0
UgyogWTttV6e_FP5JRF4AaABAg,swsMRuHOXsw,@chinnaroy222,Part 3 kosam Waiting 🤩,English + Telugu,Positive,0.9064,6
UgxkQHV5yv_ymM1PLYd4AaABAg,swsMRuHOXsw,@nagendracreations5021,"Hii anna stock market lo invest chestamani cheppi telegram lo fraud chestunnaru anna you tube lo link direct open avutundi anna invest chestamani amount send cheyyamantunnaru chesaka profit Vachinda I kavalante commission pay cheyyalani fraud chesaru nenu chala Mandi amount loss ayyam
Please video cheyyana you tube channel name Radhika trader pls anna inka evvaru loss avvakudadu",English + Telugu,Neutral,0.5908,0
UgyI63Bax3DVMH6Y4G14AaABAg,swsMRuHOXsw,@RameshTammana-f4y,This is the Troy movie,English,Neutral,0.8158,0
UgyBQodsifl2XTVulwl4AaABAg,swsMRuHOXsw,@chindamnithesh8823,👌,Emojis / Symbols,Positive,0.8328,0
UgyBrxkAKhKmU8xuyBt4AaABAg,swsMRuHOXsw,@varunkmumar3337,Nuvvu web series kante intresting gaa narrative chestunnav machaa❤❤,English + Telugu,Positive,0.9255,8
Ugwv0vRNfblVRZNwHVl4AaABAg,swsMRuHOXsw,@gugulothnareshhsd,😮😮😮😮... hi Anna 👋👋👋,English,Neutral,0.5351,0
Ugxo7crfy3hp-P5FEQl4AaABAg,swsMRuHOXsw,@sulochana2616,Hii❤❤❤❤❤❤❤,English + Telugu,Positive,0.9729,0
UgwvThTp0i-xINQfFi14AaABAg,swsMRuHOXsw,@funnyguy5842,Oka movie professional movie ki e matram taggaledu anna. Editing high class level.,English + Telugu,Positive,0.5976,14
Ugzo0UVYNpN3ud1dXCd4AaABAg,swsMRuHOXsw,@channaraonayudu,Mallu bhatti vikramaraka 1 story video pleasu me,English + Telugu,Neutral,0.8657,0
UgzrT4pT7mW2gzISwSd4AaABAg,swsMRuHOXsw,@policherlababurao9657,Sir....we are waiting for...3,English,Neutral,0.4948,3
UgwWF-NDhvwJmkJEOKR4AaABAg,swsMRuHOXsw,@PondaraRohith-k6s,Bro make it fast,English,Neutral,0.4994,2
Ugw70qilYPRBwMr02kl4AaABAg,swsMRuHOXsw,@sathishdhulam96,I LOVE TELUGU KNOWLEDGE FOREVER BRO ❤️,English,Positive,0.9762,0
UgxrvsnKQEfrwItjKvJ4AaABAg,swsMRuHOXsw,@SSfactstelugulo,excellent storytelling by Telugu knowledge👌👌keep it up🤟🤟,English,Positive,0.9729,0
UgxFQEqI12LuutZZ4WF4AaABAg,swsMRuHOXsw,@naasthikudu,బారి బడ్జెట్ సినిమా ఎక్స్పీరియన్స్ వస్తుంది ❤❤❤❤❤,Telugu,Neutral,0.7242,10
UgzsDu4SaRppxhiZ2_14AaABAg,swsMRuHOXsw,@Charan-h2m,Bro Opium Gurchi Clear Oka Video Chey Bro,English + Telugu,Neutral,0.8674,0
Ugz9MjvMRv5X_sattBZ4AaABAg,swsMRuHOXsw,@madhubabu833,"Weiting episode 3 
Exlent story ❤❤❤❤",English + Telugu,Positive,0.9726,4
UgwFGqiWkLVqo-ZzMD94AaABAg,swsMRuHOXsw,@Prabudas3,My comment,English,Neutral,0.6998,0
Ugx644xOZyel6LtvhL54AaABAg,swsMRuHOXsw,@cakalidasu5615,Excellent bro🎉,English,Positive,0.9811,1
UgwPhzGOfpiiDy6CEdZ4AaABAg,B9tp8G40uLc,@maheshkondra-m3q,Anna ne story telling skills syper🎉,English,Positive,0.8754,0
UgyFvHZhKV0TV3PFrcF4AaABAg,B9tp8G40uLc,@sathishdhulam96,I LOVE TELUGU KNOWLEDGE FOREVER BRO ❤️,English,Positive,0.9762,1
Ugy0pQC8llqDRiNAfEt4AaABAg,B9tp8G40uLc,@AnjireddyGangireddy-c1n,Supb brother,English + Telugu,Positive,0.5279,2
UgxwZEHCj2RTQgIjs7R4AaABAg,u7aL6WX9yVU,@teluguknowledge42,గ్రీకు పురాణాల్లో భయంకరమైన రోజు! Episode 02 : https://youtu.be/swsMRuHOXsw,Telugu,Neutral,0.7543,2
Ugwu1YRvcV2S9er1EuB4AaABAg,u7aL6WX9yVU,@Ganesh-m5f5i,Exlent explain mi voice lo ne yudhham undhi,English + Telugu,Neutral,0.809,0
Ugzm0YST2Y2Af0KUiM54AaABAg,u7aL6WX9yVU,@satyakrishna426,90s kids ki e story TROJAN War  ane Supplementary lo undedi  english as a language ha unna vallaki....,English + Telugu,Neutral,0.759,0
Ugxk2vbV6HPsNcqlts94AaABAg,u7aL6WX9yVU,@elishakama1644,"Bro good videos and detailing but oka feedback, please pronounce names correctly.",English,Positive,0.6642,0
Ugw_kgNValv9IiUHpi94AaABAg,u7aL6WX9yVU,@rekhareddy4437,🎉,Emojis / Symbols,Positive,0.9676,0
UgxOx4gmSi8oxSktH154AaABAg,u7aL6WX9yVU,@PraveenKumar-sb3tj,Good explanation bro visuals super  🔥 🔥 🔥,English,Positive,0.9817,0
UgxaUv0p0szM8NfWFPN4AaABAg,u7aL6WX9yVU,@swathierroju7265,Good work and thaank you,English,Positive,0.9684,0
UgwskscqUTIwtwZg6QV4AaABAg,u7aL6WX9yVU,@gladiator12358,12:38 😂😂😂😂😂,Emojis / Symbols,Neutral,0.7186,0
Ugx6URxJxmOeQVgzSGl4AaABAg,u7aL6WX9yVU,@swathivizag2603,"నేను ఖచ్చితంగా చెప్పగలను... క్రిస్టోఫర్ నోలన్ ఈ సినిమాను మొత్తం నాశనం చేస్తాడు. ఎందుకు ఈ మాట చెపుతున్నాను అంటే... ఈ సబ్జెక్ట్ మొత్తానికి ఫుల్ కంప్యూటర్ గ్రాఫిక్స్ వాడాలి, కానీ నోలన్ తన లాస్ట్ మూడు సినిమాల నుంచి అసలు కంప్యూటర్ గ్రాఫిక్స్ వాడటం మానేశాడు. కాబట్టి ఖచ్చితంగా మనకి గ్రాఫిక్స్ లేని ఒక సోషియో ఫాంటసీ మూవీని నోలన్ ఇస్తాడు. ఓపెన్ హైమర్ లాగే చిరాకు తెప్పిస్తాడు.""",Telugu,Neutral,0.7261,1
Ugxt0Oo0vXRZYc_vQVZ4AaABAg,u7aL6WX9yVU,@sakethrao7612,Ma 6th class lo. English Non-Detailed subject undhedi- “Tue Trojan War” ani❤…,English,Neutral,0.5918,1
Ugwd9L_3eiTQIiljATF4AaABAg,u7aL6WX9yVU,@yugachaitanya4153,14;41 dagra pregnant ga chupincharu Achilles thallini pelli kakunda pregnant ayinda,English + Telugu,Neutral,0.886,0
UgzgIjmF08oXADNpciN4AaABAg,u7aL6WX9yVU,@mallikarjuna1808,Ni video lo unna sode akkuindi.,English + Telugu,Neutral,0.8671,0
UgwZlJRg5fRkDNPOTT54AaABAg,u7aL6WX9yVU,@narendrababu7630,Full episode continue chey,English + Telugu,Neutral,0.8516,0
UgwYHv4ic4DNIfhibq14AaABAg,u7aL6WX9yVU,@RajuVaddadi-s6m,Starting soddi  akkuva aipondi  thagisthe manchedi,English + Telugu,Neutral,0.8253,0
Ugwk_te3_1TwzE-En0l4AaABAg,u7aL6WX9yVU,@sivasenglishgrammar,సూపర్ గా చెప్పావు. Wonderful,Telugu,Positive,0.8651,0
UgxcNulzhx-Uvzz8cTx4AaABAg,u7aL6WX9yVU,@gautamgadamsetti1974,Superb video waiting for further episodes🎉🎉🎉,English,Positive,0.9896,0
UgznfM1FcAgEkNillw54AaABAg,u7aL6WX9yVU,@bandaruvaishnavi,Waiting alot❤,English,Positive,0.948,0
UgxFZgE3JELRDgKf_XZ4AaABAg,u7aL6WX9yVU,@rajureddy3725,I really like halen of troy❤,English,Positive,0.9732,0
UgyCwShAK34iPkQIKW14AaABAg,u7aL6WX9yVU,@GangachalamPedapudi,"2008 iam studying 10th class 
Trojan war english oka chapter ney undedi",English + Telugu,Neutral,0.8156,0
UgxvDID_tjvoborgdpx4AaABAg,u7aL6WX9yVU,@dileephistorychannel9539,మన రామాయణం మహా భారతం చెలామంది చెప్పారు విన్నాము The Odyssey కధను వినిపించండి,Telugu,Neutral,0.6986,1
UgyW5k2xOCxFPYmpAsx4AaABAg,u7aL6WX9yVU,@sandeepk9418,4:00 tarjan war kadu bro trojan war,English + Telugu,Neutral,0.7981,0
Ugw-jkloc81VMp89OKB4AaABAg,u7aL6WX9yVU,@Prabudas3,తన బిడ్డను బల్లివ్వాలి,Telugu,Neutral,0.74,0
UgynJFTSW1kn7cWPwi54AaABAg,u7aL6WX9yVU,@rprasad7972,Super Bro very very nice,English,Positive,0.9807,0
Ugwh8u1JYmMubHiUPHl4AaABAg,u7aL6WX9yVU,@aakash2557,"Across The World 🌎🕉️♾️ Oldest Religion 
Oldest Civilization 🗿 Oldest Langauge 🗿 Oldest City 🗿 Oldest Architecture 🗿 
Supreme OM 🕉️ SHIVAYA 🔱 Copies & Change Day By Day People Who Migration From India They Writes ✍️ Own Stories Own Gods own Rules Own Religions 😂 ☪️ancer & ✝️rash also wasted 🤢",English,Neutral,0.8753,1
UgyC66Eb-9--qJPV-k94AaABAg,u7aL6WX9yVU,@Voice_OF_Telugu_People,Enti mahabaratam vintunaty undhi,English + Telugu,Neutral,0.7942,0
UgytUeO_jFA0Ykaev5Z4AaABAg,u7aL6WX9yVU,@rajak-c9g,Part 2 waiting❤️,English,Positive,0.9112,0
UgwnDj5EhNwAr9EXY8V4AaABAg,u7aL6WX9yVU,@Ashokgameing561,Haii anna how are you 🎉🎉🎉,English,Positive,0.9763,0
Ugx3-j2Am_xOj9AOCOd4AaABAg,u7aL6WX9yVU,@JayaKunche-q9m,Odeyssey old version superb gaa undi youtube lo undi chudandi..😊,English + Telugu,Positive,0.8753,1
UgzKabLTfvd5tknuzxt4AaABAg,u7aL6WX9yVU,@DubaiSurya,Na 7th class nontel Story idhi,English + Telugu,Neutral,0.8444,0
UgzJmhk5i8Yp2usIfpl4AaABAg,u7aL6WX9yVU,@AnkurKumar-z2j,Akhilesh 😂😂😂,English + Telugu,Neutral,0.5664,0
UgwZhulieka9lhQUp7J4AaABAg,u7aL6WX9yVU,@AnkurKumar-z2j,Well said,English,Positive,0.7387,0
UgwrN1AKughvzkUo_514AaABAg,u7aL6WX9yVU,@rajeshraj7733,ట్రాయ్ మూవీని నేను 15 సంవత్సరాల క్రితం మే చూశాను కానీ సినిమాలో కంటే నువ్వు చెప్తుంటే ఇంకా బాగుంది బ్రదర్,Telugu,Neutral,0.7962,8
Ugxb20LsFBEIgZQXO7h4AaABAg,u7aL6WX9yVU,@Thiru8140,"ఓరి నాయన ఇది మన రామాయణం, మహాభారతాలెరా బాబు వాళ్ళు పేరు మార్చి ఓడీస్సీ అని పెట్టుకున్నారు అంతే.....వాల్ల పద్దతి ప్రకారం పెర్లు పెట్టుకుని మన సంస్క్రుతిని తెలియకుండా చేశారు",Telugu,Neutral,0.7289,4
Ugwvt8DTm8O3dbpIy-h4AaABAg,u7aL6WX9yVU,@settypallipavan902,Now a days we are not getting content from you and Aye jude like earlier,English,Negative,0.6253,0
UgwXW5yPnl8xuP5Po094AaABAg,u7aL6WX9yVU,@hanumathrao6273,Fast ga part 2 video chey brother waiting,English,Neutral,0.5551,0
UgxyjjOYXnTqZC5PEGF4AaABAg,u7aL6WX9yVU,@vibe9261,Helen,English,Neutral,0.7747,0
UgwbOmYlQtjSDFiKCkZ4AaABAg,u7aL6WX9yVU,@srikanthravupalli2518,Nolan fans assamble here ❤,English + Telugu,Positive,0.7425,0
Ugzts6pdlN-Cv4c--st4AaABAg,u7aL6WX9yVU,@Mrgymrat,Intresting 🫡,English + Telugu,Positive,0.903,0
Ugz2z22udfGqdLVegGZ4AaABAg,u7aL6WX9yVU,@dharmateja5646,Part 2???,English,Neutral,0.8905,0
UgynLp_zCC47C6KBWhh4AaABAg,u7aL6WX9yVU,@vennelatony3118,Part 2,English,Neutral,0.8131,0
UgxgVnVx_gFjK3fMSX94AaABAg,u7aL6WX9yVU,@dileepmamidisetti6613,Fast ga pettu bro second episode,English,Neutral,0.8481,0
UgyylGV36Kc40lBC1Jd4AaABAg,u7aL6WX9yVU,@RakshithaVirata,Woww,English + Telugu,Positive,0.7714,0
UgzyR8coC2y3HQAy5mN4AaABAg,u7aL6WX9yVU,@NunavathLalitha-e3k5h,This story  and Mahabharata story machine,English,Neutral,0.7826,2
UgxJtg6429M0TJ0kult4AaABAg,u7aL6WX9yVU,@rajavardhanbathini,Achilles ❤,English,Positive,0.8616,0
UgzfmaPDUow-gr-_-NB4AaABAg,u7aL6WX9yVU,@srikrishnaharsha2432,Tondi andi idi speed ga part 2 dimpmdi😭,English + Telugu,Neutral,0.6653,2
UgwCwWuBV1ehmd9Jeod4AaABAg,u7aL6WX9yVU,@joshuamadugula8403,I'm like this from Vijayawada,English,Neutral,0.8672,2
UgyeNIFpCiW5S-do_QZ4AaABAg,u7aL6WX9yVU,@Rohith-d8d6k,"16:30 ekkado similar ga vinattu vundhey
(🗣️Dhuryodhana)",English + Telugu,Neutral,0.9339,3
UgyiNxIQiO1sP_M_nTp4AaABAg,u7aL6WX9yVU,@Rohith-d8d6k,"Meee subscriber ga oka suggestion 
Names pronunciation konchem chuskondi anna",English + Telugu,Neutral,0.8766,1
UgyQ_fB2MZ_EJREbihl4AaABAg,u7aL6WX9yVU,@madhuharsha4307,"Tarzan kaadu bro!! -""
 Trojan """,English + Telugu,Neutral,0.6904,0
Ugy-EIvsGGFAXl5DvaZ4AaABAg,u7aL6WX9yVU,@chinnaroy222,Part 2 Kosam Waiting,English + Telugu,Neutral,0.6795,2
